7.75647e-06, -1.68887e-11, -2.3072e-05, -3.36959e-09, -1.68824e-09, -0.00967553, 6.38268e-11, -1.16439e-13, 31.4363,-1.47177
-0.000403898, -5.34237e-05, 0.0007492, -0.08902, -0.0100056, 0.154075, -0.000445177, 1.0348e-10, 8.00475,2.332
-0.00128511, -0.000145323, 0.0024654, -0.0964302, -0.00848538, 0.184789, -0.00137708, -1.73448e-09, -4.37076,1.6657
-0.00172487, -0.000193508, 0.0039422, -0.0496638, -0.00191193, 0.125315, -0.00209968, 2.62474e-06, -6.2334,-1.28678
-0.00194987, -0.000206219, 0.00465688, 0.000415867, -0.000425301, 0.0562092, -0.00230047, 3.62864e-06, -1.38908,-2.16331
-0.00198198, -0.000206219, 0.00504795, 8.14797e-08, -1.36264e-06, 0.0481792, -0.00230047, 3.62864e-06, 18.962,-2.65037
-0.00229959, -0.000253365, 0.00601466, -0.0558889, -0.00859116, 0.156036, -0.00260761, 3.63611e-06, 9.17595,0.657244
-0.0029305, -0.000350342, 0.00765772, -0.0695323, -0.0106122, 0.193886, -0.00324147, 3.64042e-06, 6.77092,1.53653
-0.00364287, -0.000457983, 0.00955639, -0.0728178, -0.0109019, 0.214148, -0.00395484, 3.64015e-06, 7.7669,1.77265
-0.00441424, -0.000568191, 0.0116723, -0.0804827, -0.0111441, 0.241079, -0.00472516, 3.63526e-06, 10.2151,2.00755
-0.00531616, -0.000682621, 0.0141393, -0.0988384, -0.0117269, 0.285069, -0.00563094, 3.62601e-06, 13.1914,2.43597
-0.0064575, -0.000804082, 0.0171603, -0.130065, -0.0125539, 0.34952, -0.00679127, 3.61177e-06, 16.3929,3.04947
-0.00796025, -0.000934464, 0.0209645, -0.17525, -0.0135268, 0.43604, -0.00834043, 3.59033e-06, 19.5611,3.8737
-0.00995084, -0.00107331, 0.0257895, -0.234339, -0.0142694, 0.544561, -0.0104181, 3.55721e-06, 22.3861,4.79211
-0.0125461, -0.00121603, 0.031856, -0.305642, -0.0143781, 0.672264, -0.0131541, 3.50472e-06, 24.8209,5.68375
-0.0158448, -0.00135527, 0.0393526, -0.387194, -0.0136835, 0.815803, -0.0166597, 3.41842e-06, 27.0052,6.51287
-0.0199303, -0.00148315, 0.0484403, -0.477756, -0.0122295, 0.972943, -0.0210306, 3.26707e-06, 29.2133,7.35703
-0.0248816, -0.00159326, 0.0592701, -0.577447, -0.0102258, 1.14377, -0.0263575, 2.97004e-06, 18.0039,9.45439
-0.0304775, -0.00166236, 0.0714347, -0.626715, -0.00440826, 1.23022, -0.0324041, 2.29011e-06, 18.3068,9.12527
-0.0365094, -0.0016766, 0.084541, -0.675998, -0.0077651, 1.31502, -0.0389447, -1.92989e-07, 17.4452,13.2192
-0.0431144, -0.00166814, 0.0985167, -0.718621, 0.0055853, 1.38854, -0.0459355, 6.03597e-06, 14.8603,9.93472
-0.0500518, -0.00164131, 0.113184, -0.744985, 0.00879424, 1.4363, -0.0532656, 2.09711e-05, 13.5714,11.5352
-0.0571278, -0.00157258, 0.128333, -0.760578, 0.0181448, 1.46848, -0.0608066, 4.00547e-05, 11.9407,10.2919
-0.0641643, -0.00140958, 0.14379, -0.766839, -0.00251395, 1.48527, -0.068451, 4.67774e-05, 10.412,23.0097
-0.0710578, -0.00115346, 0.159395, -0.761421, 0.0321386, 1.48549, -0.0760912, 5.33077e-05, 9.43152,8.53979
-0.0778048, -0.000838623, 0.174999, -0.748216, 0.0339731, 1.47566, -0.0836374, 6.28217e-05, 8.30169,9.59741
-0.0844168, -0.000489569, 0.190485, -0.728371, 0.0361802, 1.45652, -0.091016, 6.77379e-05, 8.13484,10.243
-0.0907353, -0.000120916, 0.20578, -0.706441, 0.0368758, 1.43394, -0.0981825, 7.23549e-05, 7.80523,11.5652
-0.0968126, 0.000295187, 0.220877, -0.681047, 0.0412853, 1.41059, -0.105111, 7.16376e-05, 6.68916,10.8363
-0.102281, 0.000787481, 0.235706, -0.653019, 0.0479692, 1.38289, -0.11177, 5.48715e-05, 6.84177,8.29394
-0.107022, 0.00122442, 0.250231, -0.620114, 0.0464063, 1.35078, -0.118132, 6.58909e-05, 5.04192,10.3067
-0.111809, 0.00173538, 0.264383, -0.580904, 0.0469525, 1.3114, -0.124136, 4.94215e-05, 3.78655,10.4539
-0.116513, 0.00222393, 0.278035, -0.537328, 0.0591964, 1.26356, -0.129711, 5.45798e-05, 5.55526,4.30487
-0.120963, 0.00284519, 0.291269, -0.502516, 0.0417957, 1.23232, -0.134889, 2.28189e-05, 5.01208,12.9371
-0.125202, 0.00334391, 0.304107, -0.462974, 0.0540644, 1.19525, -0.13969, 2.83943e-05, 5.09298,6.74955
-0.128882, 0.0040279, 0.316579, -0.424932, 0.0503546, 1.16342, -0.144117, -1.58788e-05, 4.22456,7.58097
-0.132472, 0.00454474, 0.328634, -0.382773, 0.0531356, 1.12323, -0.148132, -1.13581e-05, 5.68856,5.85949
-0.135582, 0.00520849, 0.34033, -0.34756, 0.0702022, 1.09672, -0.151771, -3.97244e-05, 6.61716,-4.36975
-0.138397, 0.00582791, 0.351755, -0.316208, 0.0471564, 1.0768, -0.155078, -7.20585e-05, 7.17264,7.53565
-0.141062, 0.00632438, 0.362973, -0.286623, 0.0516776, 1.05973, -0.158077, -6.93377e-05, 9.96668,5.63805
-0.143478, 0.00693024, 0.374124, -0.269059, 0.0665182, 1.06426, -0.160849, -8.66385e-05, 10.8817,-1.94826
-0.145791, 0.00755574, 0.385335, -0.255449, 0.0594733, 1.07409, -0.163464, -0.000121564, 12.6815,2.6632
-0.147965, 0.00810332, 0.396718, -0.249627, 0.0456894, 1.09779, -0.16599, -0.000146112, 11.5538,12.4463
-0.150071, 0.00860371, 0.408288, -0.237289, 0.0543601, 1.11134, -0.168419, -0.000143934, 12.6161,10.0469
-0.15208, 0.00926029, 0.420049, -0.227911, 0.0679826, 1.13229, -0.170741, -0.00016991, 8.99172,4.06023
-0.153943, 0.00993142, 0.431866, -0.202319, 0.0665007, 1.12601, -0.172879, -0.000198862, 8.82463,5.49852
-0.155501, 0.0105986, 0.443625, -0.176437, 0.0657806, 1.11954, -0.174761, -0.000225414, 7.76502,6.59448
-0.156856, 0.0112675, 0.455288, -0.146082, 0.0679446, 1.10621, -0.176358, -0.000243369, 6.58184,5.77621
-0.157815, 0.0119488, 0.466789, -0.108786, 0.0737195, 1.08508, -0.177619, -0.000251855, 0.982853,2.29351
-0.158356, 0.0126923, 0.477831, -0.0435231, 0.0750426, 1.02052, -0.178347, -0.000261611, -1.25704,-1.30436
-0.158101, 0.0134439, 0.488131, 0.0311367, 0.0755622, 0.941787, -0.178375, -0.000262107, -2.46674,-5.6268
-0.157274, 0.0141985, 0.49758, 0.110412, 0.0755649, 0.856459, -0.177627, -0.000253027, -3.3056,-10.556
-0.155713, 0.0148576, 0.506169, 0.188603, 0.0673408, 0.772916, -0.17609, -0.000223435, -4.47782,-10.3045
-0.153409, 0.0155268, 0.513863, 0.270853, 0.0666244, 0.682012, -0.173752, -0.000193023, -1.79759,-15.4356
-0.150126, 0.0161756, 0.520733, 0.341031, 0.0638596, 0.611527, -0.170665, -0.000152869, -3.37485,-18.795
-0.146302, 0.0166941, 0.526821, 0.416658, 0.035734, 0.534266, -0.166839, -7.90531e-05, -8.31638,-6.68896
-0.141667, 0.0172445, 0.531996, 0.508124, 0.0587854, 0.431931, -0.162179, -9.07211e-06, -4.16015,-27.3812
-0.134983, 0.0176839, 0.536253, 0.581404, 0.0364102, 0.362226, -0.156721, 9.92576e-05, -13.5715,-18.8866
-0.12844, 0.0181364, 0.539566, 0.67304, 0.0230783, 0.259714, -0.150408, 0.000189826, -10.4505,-17.8686
-0.118407, 0.0184254, 0.541922, 0.762205, 0.0355479, 0.163678, -0.143267, 0.000321904, -8.65163,-31.619
-0.10799, 0.018645, 0.543236, 0.839949, -0.0053499, 0.0708362, -0.135223, 0.00049627, 11.6724,-12.1657
-0.0993935, 0.0188719, 0.544321, 0.845342, 0.00795179, 0.116872, -0.126757, 0.000655142, -21.5142,-20.1704
-0.0887096, 0.0190873, 0.545129, 0.924869, 0.0206834, 0.0283082, -0.117874, 0.000819679, -8.2341,-33.7475
-0.076782, 0.0192072, 0.544983, 1.01523, 0.0174782, -0.0593447, -0.10815, 0.00101875, -22.5971,-37.9562
-0.0626368, 0.0193199, 0.543904, 1.08893, 0.00833126, -0.153893, -0.0976066, 0.00122728, 14.9444,-38.0104
-0.052469, 0.0192842, 0.542749, 1.07417, -0.0141894, -0.0615519, -0.0867099, 0.00144766, -47.4567,-21.3964
-0.038817, 0.0191339, 0.541534, 1.16163, -0.00634825, -0.15881, -0.0755403, 0.00167309, -39.0315,-30.7676
-0.0227101, 0.0189884, 0.539303, 1.24417, -0.0225846, -0.251478, -0.0635138, 0.00189325, -27.6169,-25.4914
-0.00632895, 0.0187611, 0.536028, 1.32474, -0.0219854, -0.348529, -0.0505759, 0.00214116, -0.976325,-30.4378
0.00890761, 0.0185011, 0.532146, 1.37943, -0.0416679, -0.372491, -0.0369857, 0.00239338, -33.0749,-20.5288
0.0268814, 0.0181732, 0.527673, 1.46481, -0.0113884, -0.462812, -0.0227923, 0.00264087, -25.9776,-43.6552
0.0507534, 0.0178078, 0.522306, 1.53889, -0.0796903, -0.551999, -0.00784043, 0.00298259, -3.35903,-5.99032
0.0730905, 0.0172172, 0.516259, 1.60084, -0.0299136, -0.592803, 0.00780736, 0.00325111, -17.5383,-37.5706
0.0965723, 0.0166961, 0.50955, 1.65877, -0.0702906, -0.67554, 0.0241186, 0.00357915, 37.8682,-15.556
0.106043, 0.01622, 0.503314, 1.60323, -0.0180644, -0.493125, 0.0405221, 0.00376398, -52.4475,-39.976
0.12388, 0.0157652, 0.497823, 1.65987, -0.0845995, -0.563877, 0.0566414, 0.00398847, -31.5766,-1.68502
0.147157, 0.0151104, 0.491362, 1.73546, -0.0495578, -0.662834, 0.0735559, 0.00425554, 6.28222,-25.1775
0.164239, 0.0145211, 0.484585, 1.73854, -0.067072, -0.614356, 0.0909828, 0.00454293, -22.5492,-11.8452
0.188513, 0.0140704, 0.477649, 1.82968, -0.0530153, -0.717439, 0.108676, 0.00477988, -14.4624,-25.038
0.212465, 0.0136107, 0.469721, 1.87955, -0.0414594, -0.789811, 0.12724, 0.00503069, 43.9008,-34.3799
0.224226, 0.0131365, 0.46237, 1.81416, -0.00717223, -0.603571, 0.14578, 0.00525234, -38.8223,-47.8066
0.249164, 0.011886, 0.45599, 1.83089, -0.13371, -0.649708, 0.163882, 0.00555561, 32.6757,32.8305
0.265744, 0.010858, 0.450124, 1.76925, -0.118766, -0.462743, 0.181936, 0.00573107, -60.8734,36.6232
0.289521, 0.0102162, 0.444935, 1.83079, 0.00280594, -0.544288, 0.199736, 0.00587485, -31.2247,-35.4821
0.322783, 0.010265, 0.43884, 1.86976, 0.00776718, -0.626691, 0.218242, 0.00607971, 66.0422,-42.6482
0.331752, 0.00988617, 0.432865, 1.83817, -0.0229229, -0.465299, 0.237107, 0.00626943, -66.908,-20.2958
0.353648, 0.00925376, 0.42773, 1.90049, -0.0711994, -0.551986, 0.255563, 0.00641691, -45.623,7.49883
0.379309, 0.00875672, 0.421446, 1.95981, -0.0351835, -0.646716, 0.274904, 0.0065714, 11.927,-15.1382
0.396971, 0.00824564, 0.414968, 1.97158, -0.0353307, -0.591836, 0.294642, 0.00677865, -52.0264,-12.7744
0.423461, 0.0079138, 0.408544, 2.00326, -0.0232954, -0.653692, 0.31447, 0.00692768, 10.4952,-20.8416
0.443019, 0.00716128, 0.401937, 2.01951, -0.0517397, -0.603643, 0.334691, 0.0071618, -57.3203,-0.749161
0.467769, 0.0068526, 0.395131, 2.08207, -0.0318936, -0.694675, 0.355152, 0.00720683, -26.8548,-15.237
0.500364, 0.00657523, 0.387284, 2.19182, -0.057587, -0.828781, 0.376391, 0.00738548, -28.1674,-7.09929
0.530849, 0.00620374, 0.378062, 2.25762, -0.0216648, -0.928266, 0.398688, 0.00753643, 19.5526,-30.9216
0.547957, 0.00594745, 0.368738, 2.25721, -0.00779115, -0.840557, 0.42133, 0.00766879, -49.6111,-38.4784
0.576514, 0.0047981, 0.359833, 2.27451, -0.120094, -0.891892, 0.44382, 0.00781063, 0.530483,29.1004
0.601424, 0.00386401, 0.350338, 2.31168, -0.0727258, -0.897452, 0.466861, 0.00791829, -25.8116,5.81729
0.629875, 0.00331403, 0.340398, 2.40076, -0.0669136, -1.01178, 0.490347, 0.00802673, -14.859,-0.67373
0.660042, 0.00277775, 0.329445, 2.44895, -0.0420676, -1.07869, 0.514599, 0.00809492, 13.9877,-15.404
0.680652, 0.0022753, 0.318654, 2.42581, -0.00342432, -0.978247, 0.538996, 0.00819452, -26.0113,-33.3903
0.707625, 0.00186274, 0.307895, 2.47368, -0.0897216, -1.07199, 0.563478, 0.00823765, 23.6296,11.108
0.724684, 0.000917741, 0.297382, 2.41406, -0.0934022, -0.905816, 0.588052, 0.00826753, -31.0946,21.4938
0.75199, 0.000380277, 0.287381, 2.47658, -0.0364594, -1.0153, 0.612393, 0.00828022, 8.61409,-9.9001
0.774204, 7.74737e-05, 0.277139, 2.45295, -0.0342964, -0.936621, 0.637068, 0.00827792, -12.6338,-9.19868
0.801743, -0.000445004, 0.267355, 2.45836, -0.0485234, -0.951448, 0.661567, 0.00829724, 20.9567,0.133388
0.815192, -0.0008314, 0.258076, 2.40388, -0.00570016, -0.798001, 0.686019, 0.00825371, -30.5975,-17.76
0.842788, -0.00145476, 0.249329, 2.43457, -0.0853794, -0.885292, 0.71017, 0.00825965, 37.2117,24.8309
0.863999, -0.00199326, 0.240983, 2.38612, -0.0388098, -0.728285, 0.734254, 0.0081961, -35.4163,6.53918
0.891193, -0.00185477, 0.23305, 2.40092, 0.0168265, -0.803144, 0.758171, 0.00813756, 54.7278,-24.0949
0.909429, -0.00179822, 0.225442, 2.36269, 0.103239, -0.655003, 0.782082, 0.008144, -35.7886,-67.1954
0.933054, -0.00185489, 0.218203, 2.40166, -0.103622, -0.75194, 0.805844, 0.00810012, 17.7858,35.1818
0.955397, -0.00258526, 0.211144, 2.34811, -0.0676315, -0.619346, 0.829611, 0.00803364, -24.9283,24.2438
0.981511, -0.00295444, 0.204215, 2.41388, -0.00778075, -0.73221, 0.85338, 0.00795948, 10.7352,-5.73265
1.00357, -0.00314318, 0.197165, 2.38167, -0.0271181, -0.643362, 0.877357, 0.00789411, -20.1476,6.13423
1.02887, -0.00335705, 0.190143, 2.41685, -0.0210236, -0.715776, 0.901383, 0.00781789, 21.214,3.11165
1.04633, -0.00363766, 0.183454, 2.34937, -0.00627326, -0.558863, 0.925362, 0.00773527, -28.8749,0.0782624
1.07447, -0.00390674, 0.177059, 2.40796, -0.0493398, -0.68006, 0.949171, 0.0076448, 25.4153,20.9012
1.09194, -0.00398816, 0.170779, 2.35143, 0.0146114, -0.521957, 0.973078, 0.00754738, -43.4664,-7.67294
1.11888, -0.00413713, 0.164858, 2.41607, -0.00103122, -0.646979, 0.99677, 0.00744308, -3.33946,-0.677251
1.14281, -0.00406765, 0.158091, 2.43139, -0.0356326, -0.648426, 1.02107, 0.00734106, -15.6845,15.2377
1.17218, -0.00427572, 0.151109, 2.45857, -0.0119579, -0.69924, 1.04553, 0.00724133, 9.21589,4.66484
1.19179, -0.00428621, 0.144001, 2.45293, -0.0723383, -0.642196, 1.07021, 0.00714902, -32.6524,33.9459
1.22389, -0.00380852, 0.136807, 2.50451, 0.0965106, -0.758297, 1.09491, 0.00702277, 25.3991,-50.3613
1.2431, -0.00316175, 0.129609, 2.47381, 0.0578466, -0.625952, 1.11978, 0.00697763, -52.0045,-35.8936
1.2657, -0.00228108, 0.122527, 2.51295, -0.0180621, -0.733285, 1.14461, 0.00687673, 0.760027,-5.94085
1.29129, -0.00229912, 0.114924, 2.51341, 0.0168592, -0.709422, 1.16977, 0.00679332, -14.1194,-21.7364
1.31831, -0.00257852, 0.107198, 2.54295, -0.0238558, -0.760455, 1.19506, 0.00677224, 1.66157,-0.912989
1.34305, -0.00281306, 0.0993545, 2.53581, -0.0219205, -0.728399, 1.22048, 0.00667945, -10.8939,0.468618
1.36977, -0.0029124, 0.0915687, 2.54675, 0.00483716, -0.752057, 1.2459, 0.00658674, 5.84959,-10.6713
1.39184, -0.00288722, 0.0839048, 2.52436, 0.0363737, -0.693096, 1.27133, 0.00650523, -11.3264,-24.3038
1.4175, -0.00300747, 0.0764978, 2.54588, -0.0453581, -0.730612, 1.29662, 0.00646231, 0.172686,14.5819
1.44063, -0.0030094, 0.069022, 2.5322, 0.0437325, -0.696455, 1.322, 0.00635056, -5.22107,-25.0081
1.46418, -0.00318741, 0.0617528, 2.53056, 0.0132131, -0.694704, 1.3473, 0.00629618, 1.58951,-8.87468
1.48548, -0.00347281, 0.0547025, 2.50688, -0.00826576, -0.649419, 1.37251, 0.0062228, -2.7232,3.94577
1.5073, -0.00347612, 0.0480223, 2.49582, -0.0519598, -0.630439, 1.39753, 0.0061202, -0.509131,24.8694
1.52904, -0.00334248, 0.0416386, 2.48106, 0.0488028, -0.597575, 1.42239, 0.00602214, -5.77457,-20.2005
1.55241, -0.00324412, 0.0354723, 2.47477, 0.037928, -0.59428, 1.44713, 0.00596377, 4.18995,-14.6657
1.5728, -0.00317779, 0.0295833, 2.44752, -0.0526277, -0.538507, 1.47173, 0.00588431, -8.87854,26.6249
1.59657, -0.0029507, 0.0239845, 2.44869, 0.0342969, -0.553, 1.49616, 0.00580134, 7.62918,-12.3705
1.61694, -0.00246371, 0.0186749, 2.4014, 0.0352715, -0.468188, 1.52044, 0.00571324, -4.57801,-14.7614
1.63834, -0.0022468, 0.0138491, 2.39581, 0.0399987, -0.460606, 1.54443, 0.00566585, -2.79733,-17.0764
1.65998, -0.00189649, 0.0091284, 2.39082, 0.0572821, -0.448718, 1.56836, 0.00560234, -6.62084,-25.8116
1.68269, -0.00180409, 0.00442487, 2.39519, 0.00753024, -0.461792, 1.59227, 0.00557417, -0.344901,-3.11379
1.70386, -0.00179875, -0.000236723, 2.38472, -0.0241632, -0.437642, 1.61616, 0.00553172, -9.51892,11.9694
1.72714, -0.0016399, -0.0049025, 2.39028, 0.0196864, -0.458968, 1.64003, 0.00547816, 3.54709,-7.00804
1.74755, -0.00142003, -0.00952843, 2.3763, -0.0279338, -0.424666, 1.66389, 0.00542405, -11.2884,13.6584
1.77066, -0.00148502, -0.0141094, 2.38562, 0.0103117, -0.45682, 1.6877, 0.00542412, 6.19023,-1.30935
1.79101, -0.00119842, -0.0186207, 2.36859, -0.0090437, -0.410483, 1.71147, 0.00534877, -16.7056,6.395
1.81476, -0.00109131, -0.023219, 2.39477, 0.04665, -0.47755, 1.73526, 0.00533186, 10.0328,-16.8629
1.83462, -0.000830983, -0.0278261, 2.35938, 0.0378307, -0.401476, 1.75907, 0.00534378, -15.2341,-13.9214
1.85755, -0.000286243, -0.0323371, 2.39638, 0.0132588, -0.47841, 1.78279, 0.00529486, 3.97816,-4.56482
1.876, 0.000292182, -0.0370808, 2.37641, 0.118642, -0.431852, 1.80666, 0.00527502, -14.7159,-53.2212
1.90296, 0.000551002, -0.0417218, 2.38931, -0.00501167, -0.484031, 1.83038, 0.00532686, 14.9671,1.0387
1.91732, 0.000821253, -0.0463822, 2.35848, 0.112113, -0.394002, 1.85417, 0.00535037, -33.0622,-51.2965
1.94441, 0.00133753, -0.0511328, 2.3818, 0.0205698, -0.507886, 1.87791, 0.00531052, 42.0186,-11.8136
1.96113, 0.00204421, -0.0560273, 2.36256, 0.169434, -0.407995, 1.90178, 0.00536442, -31.6006,-80.5836
1.99677, 0.00199456, -0.0604585, 2.34923, -0.0122319, -0.480596, 1.9252, 0.00541406, 53.724,0.813928
2.00666, 7.4256e-05, -0.0655671, 2.35204, -0.406881, -0.409434, 1.94917, 0.00544642, -24.2203,185.149
2.03733, -0.00195683, -0.0698633, 2.32893, -0.142373, -0.451877, 1.97245, 0.0054719, 47.2792,84.9064
2.06092, -0.00230316, -0.0739225, 2.32161, 0.0363736, -0.364041, 1.99563, 0.00534622, -33.4536,10.4529
2.07843, -0.00139217, -0.078468, 2.38767, 0.201146, -0.522459, 2.01911, 0.00534314, 24.5278,-62.3739
2.08439, 0.0011172, -0.0832825, 2.35661, 0.25828, -0.401928, 2.0428, 0.00532363, -67.8831,-103.273
2.11766, 0.00329595, -0.0874791, 2.31477, 0.221337, -0.463615, 2.06584, 0.00527004, 56.7489,-97.8794
2.14527, 0.00501536, -0.0916815, 2.29683, 0.0845589, -0.372714, 2.08889, 0.00537722, -4.05694,-49.1996
2.15768, 0.00536395, -0.095489, 2.26282, -0.0888321, -0.339828, 2.11176, 0.00545781, 8.20255,24.3771
2.1748, 0.00431903, -0.0986641, 2.21609, -0.0932274, -0.263964, 2.13414, 0.00557344, -5.29215,32.7893
2.19484, 0.00364826, -0.101396, 2.20442, -0.0445978, -0.262523, 2.15619, 0.00564133, 3.12489,17.166
2.21229, 0.00314298, -0.104011, 2.17822, -0.0213118, -0.224393, 2.17812, 0.0057215, -4.00235,10.7522
2.23035, 0.00262571, -0.106422, 2.1686, -0.0136164, -0.228893, 2.19987, 0.00582599, 6.21995,11.7576
2.24628, 0.00256799, -0.108538, 2.13576, -0.0439599, -0.169971, 2.2214, 0.00584236, -12.608,25.1965
2.2674, 0.00221079, -0.110586, 2.14, -0.0133772, -0.209842, 2.24279, 0.00591053, 11.0963,15.8959
2.28411, 0.0022803, -0.112535, 2.09784, 0.016486, -0.137257, 2.2641, 0.00595628, -6.94286,2.27085
2.3037, 0.00273725, -0.114105, 2.10587, 0.0611029, -0.164854, 2.28509, 0.00599077, -1.4011,-18.4204
2.32227, 0.00323934, -0.115817, 2.10148, 0.0681086, -0.160974, 2.30613, 0.00606151, -8.48359,-23.7878
2.34324, 0.00381689, -0.117687, 2.10919, 0.0604047, -0.196146, 2.32717, 0.00610017, 4.83307,-22.4756
2.36113, 0.00428104, -0.119563, 2.09483, 0.0777913, -0.168838, 2.34818, 0.00623497, -10.5598,-32.5583
2.38009, 0.00475666, -0.121505, 2.09975, 0.0182913, -0.201821, 2.36916, 0.00628515, 4.67592,-8.33191
2.39859, 0.00469277, -0.123462, 2.08433, -0.0113191, -0.17515, 2.39009, 0.00644618, -8.81158,5.08576
2.41735, 0.00484314, -0.12542, 2.09151, 0.0218205, -0.20382, 2.41096, 0.00651225, -1.24804,-8.60505
2.43622, 0.00490659, -0.127564, 2.0868, 0.00639668, -0.204001, 2.43186, 0.0066018, -4.24095,-1.40098
2.45531, 0.00493487, -0.129737, 2.08526, 0.0134667, -0.213454, 2.45271, 0.00670522, -2.82772,-3.47375
2.47426, 0.00497755, -0.13199, 2.08125, 0.00294669, -0.217797, 2.47354, 0.0068031, -2.83206,1.86304
2.49309, 0.0050135, -0.134274, 2.07571, 0.00410191, -0.219814, 2.49432, 0.00690277, -2.97322,2.18026
2.51184, 0.00503618, -0.136595, 2.07035, 0.00520431, -0.222479, 2.51505, 0.00702936, -2.78583,2.59524
2.53016, 0.00521429, -0.138946, 2.06409, 0.0069879, -0.224066, 2.53572, 0.00710832, -2.37305,1.80442
2.54867, 0.0053467, -0.141293, 2.05628, 0.0128371, -0.22278, 2.55632, 0.00720975, -2.65194,-0.54513
2.56678, 0.00552215, -0.143657, 2.05111, 0.0314581, -0.224237, 2.57684, 0.00732873, -4.309,-8.60976
2.58535, 0.00566511, -0.146079, 2.04768, 0.00667375, -0.236207, 2.59733, 0.00745088, 2.35238,2.45931
2.60172, 0.00588423, -0.148431, 2.02271, 0.00615835, -0.208081, 2.6177, 0.00754675, 0.66631,1.69994
2.61858, 0.00600763, -0.150467, 1.99781, 0.0143701, -0.184061, 2.6378, 0.00766164, 2.56325,-2.28594
2.63429, 0.00615891, -0.152208, 1.97787, 0.0158625, -0.147238, 2.65767, 0.00777646, -17.5412,-3.97778
2.6555, 0.00632677, -0.15426, 2.02589, 0.0202289, -0.260479, 2.67758, 0.00789956, 13.8135,-3.31994
2.66744, 0.00645082, -0.156475, 1.96701, 0.0796946, -0.156921, 2.69757, 0.00808083, -14.3664,-31.3002
2.68482, 0.00714921, -0.158425, 1.97388, 0.0419839, -0.20633, 2.7173, 0.00817418, 14.2027,-17.3657
2.69556, 0.00755379, -0.160351, 1.95144, 0.0971695, -0.142161, 2.73696, 0.00832333, -33.8098,-44.4061
2.71731, 0.00707696, -0.1626, 1.99691, -0.151786, -0.292434, 2.75665, 0.00847993, 38.8637,70.2305
2.73003, 0.00596958, -0.16514, 1.92914, -0.0591573, -0.16467, 2.7765, 0.00860492, 5.76659,35.18
2.74185, 0.00643044, -0.166505, 1.90041, 0.0746221, -0.10591, 2.79558, 0.00871709, -27.4723,-26.156
2.76819, 0.00760736, -0.168176, 1.93342, 0.201379, -0.235045, 2.81463, 0.00879446, 37.4829,-84.3164
2.7834, 0.00893761, -0.169972, 1.90682, 0.108983, -0.134265, 2.83377, 0.00899958, -36.766,-54.3742
2.80424, 0.00957377, -0.172014, 1.91784, 0.00781589, -0.251623, 2.85291, 0.00913021, 47.6454,-11.3587
2.81845, 0.00949675, -0.174269, 1.90423, -0.027671, -0.167978, 2.87214, 0.00932124, -17.6911,3.54082
2.83758, 0.00820787, -0.17615, 1.89913, -0.182125, -0.224636, 2.89101, 0.00949694, 36.1286,80.2306
2.84802, 0.0071427, -0.177808, 1.8357, 0.0131376, -0.094892, 2.90972, 0.0096534, -11.3389,-0.124318
2.86332, 0.00711393, -0.178837, 1.82011, -0.0277162, -0.114368, 2.92793, 0.00981476, 19.6778,18.4275
2.8747, 0.00715794, -0.179387, 1.74184, 0.00532554, 0.0138475, 2.94578, 0.00991959, -5.0225,0.638288
2.88906, 0.00738086, -0.17922, 1.72702, 0.00993162, 0.0140177, 2.96308, 0.00999999, 2.63469,-2.86042
2.90238, 0.00732532, -0.17899, 1.70168, 0.00655517, 0.0329286, 2.98026, 0.0101905, 6.574,-1.88506
2.9117, 0.00797413, -0.178389, 1.67399, 0.134782, 0.0888208, 2.99714, 0.0103364, -24.5361,-62.8853
2.93003, 0.008549, -0.178153, 1.70334, 0.0152398, -0.0226081, 3.01409, 0.0103924, 24.7743,-12.3883
2.94428, 0.00850736, -0.17782, 1.64964, 0.0178315, 0.0888213, 3.0309, 0.0105979, -15.3958,-16.3334
2.95697, 0.00854113, -0.17726, 1.66859, -0.00985609, 0.0313126, 3.0475, 0.0107126, -0.674667,-3.42387
2.97176, 0.00787091, -0.177149, 1.66985, -0.0688009, 0.0135559, 3.06423, 0.0108193, 0.902851,26.4018
2.98483, 0.00714905, -0.176975, 1.65276, -0.0504348, 0.0212432, 3.08087, 0.0109801, 3.69871,22.4285
2.99812, 0.00705772, -0.176569, 1.62501, -0.00667404, 0.0549902, 3.09726, 0.0110886, -3.23934,2.91954
3.01298, 0.00706293, -0.176044, 1.62311, 0.00504025, 0.0479653, 3.11349, 0.0112162, -8.21556,-2.33855
3.02923, 0.00713059, -0.175902, 1.64157, 0.00309677, -0.00753123, 3.12984, 0.0113235, 4.78459,-0.708113
3.04234, 0.00714857, -0.175863, 1.62666, -0.00842382, 0.0165961, 3.14618, 0.0114494, -11.0826,3.32245
3.0589, 0.00732051, -0.175954, 1.64144, 0.0110962, -0.0396597, 3.16248, 0.0115596, 8.32665,-4.87447
3.07045, 0.00729998, -0.176167, 1.61856, -0.0529034, 0.00508482, 3.1788, 0.0116663, -16.1582,21.5359
3.08711, 0.00715284, -0.176534, 1.64002, -0.0307199, -0.0826102, 3.19507, 0.0118401, 22.3914,14.9014
3.09921, 0.00769524, -0.176541, 1.56068, 0.0695548, 0.0621191, 3.21108, 0.0119102, -14.8957,-35.5415
3.11543, 0.00816633, -0.176173, 1.57853, 0.0308536, 0.00150429, 3.22674, 0.0120401, 4.414,-20.6398
3.12881, 0.00835623, -0.176155, 1.56394, 0.0251063, 0.0188154, 3.24251, 0.0121642, -4.85516,-20.0582
3.14329, 0.00828213, -0.176033, 1.56269, -0.0173181, 0.00609127, 3.25813, 0.0122772, -4.44705,-1.33519
3.1579, 0.0080065, -0.176176, 1.5693, -0.0271845, -0.0266308, 3.2738, 0.0124138, 4.14478,5.1919
3.17114, 0.00775313, -0.176237, 1.54009, -0.00862696, 0.0098336, 3.28934, 0.0125354, -2.76659,-2.51695
3.18489, 0.00752098, -0.176156, 1.53319, -0.0233911, 0.00381863, 3.30469, 0.0126628, -0.711171,5.03944
3.19838, 0.00732752, -0.176113, 1.52572, -0.0230927, 0.010649, 3.31997, 0.0127567, -10.8178,5.60323
3.21365, 0.00719278, -0.176426, 1.55531, 0.00933462, -0.0648421, 3.33535, 0.0128798, 6.64117,-5.76376
3.22642, 0.00721827, -0.176824, 1.51564, 0.0122359, -0.0165039, 3.35072, 0.0129968, 3.81822,-8.70824
3.23909, 0.0072283, -0.176774, 1.48473, -0.0126479, 0.0179718, 3.36571, 0.0130904, 1.47207,0.608273
3.25129, 0.00710783, -0.176474, 1.46703, 0.0112874, 0.0406772, 3.38048, 0.0132104, -9.22847,-10.0447
3.26586, 0.00719402, -0.176374, 1.4927, -0.00048376, -0.0272199, 3.39525, 0.0133047, 6.09696,-4.1443
3.27825, 0.00726186, -0.176353, 1.45663, -0.0146306, 0.0216479, 3.40998, 0.0134028, -2.58616,-0.192302
3.29072, 0.00720474, -0.176147, 1.45153, 0.0128851, 0.0170366, 3.42452, 0.0135461, -4.67356,-12.0803
3.30415, 0.00733882, -0.176139, 1.45876, 0.00271246, -0.0171503, 3.43908, 0.0136268, 4.7154,-8.04982
3.31638, 0.00734335, -0.176067, 1.42935, -0.0234583, 0.022351, 3.45351, 0.013729, -4.58902,1.66069
3.32913, 0.0072445, -0.17593, 1.43068, 0.000628718, 0.00444628, 3.46781, 0.0138668, -2.77124,-8.14907
3.34221, 0.00727581, -0.175987, 1.432, -0.0121801, -0.0146556, 3.48213, 0.0139494, 0.708606,-2.75069
3.3547, 0.00735193, -0.176047, 1.41558, 0.0148985, 0.000810349, 3.49636, 0.0140465, -4.18441,-15.7168
3.36794, 0.00724465, -0.176148, 1.41886, -0.0210135, -0.0299891, 3.51052, 0.0141527, 8.12339,0.711267
3.37952, 0.00702433, -0.176036, 1.37464, -0.0558476, 0.0358578, 3.52446, 0.0142424, -5.22696,14.7473
3.39144, 0.00672886, -0.175756, 1.37571, -0.0111914, 0.0174879, 3.53821, 0.0143513, -2.61501,-2.77505
3.4042, 0.0066691, -0.175645, 1.37429, -0.0114525, 0.000400596, 3.55197, 0.0144333, 2.86314,-2.40785
3.41531, 0.00673986, -0.175474, 1.34746, -0.00597094, 0.027889, 3.5656, 0.0145419, 1.62724,-6.56125
3.42742, 0.00664581, -0.175029, 1.32751, -0.0130854, 0.0527342, 3.57896, 0.0146177, -7.5002,-4.26919
3.4401, 0.00649818, -0.17473, 1.34413, -0.015506, 0.0111412, 3.59232, 0.0147056, -4.49215,-1.86692
3.45275, 0.00637122, -0.174805, 1.35256, -0.0124682, -0.0267455, 3.6058, 0.0147913, 7.50317,-1.94876
3.46485, 0.0062433, -0.174682, 1.30493, -0.012244, 0.0409268, 3.61907, 0.0148761, -2.54334,-3.68787
3.47696, 0.00613182, -0.17432, 1.30299, -0.0101588, 0.0318673, 3.63211, 0.0149576, -4.41032,-4.36631
3.4892, 0.00604473, -0.174166, 1.31101, -0.00797956, -0.00481489, 3.64518, 0.0150382, 6.87527,-4.47885
3.50058, 0.00597884, -0.173856, 1.27022, 0.00461084, 0.0514457, 3.65807, 0.0151182, -2.04477,-11.6947
3.51214, 0.00588576, -0.173339, 1.266, -0.0144951, 0.045049, 3.67074, 0.0151781, -3.02365,-3.53704
3.52378, 0.00573917, -0.172952, 1.26663, -0.0129382, 0.0304764, 3.6834, 0.0152668, -2.9824,-3.69223
3.5356, 0.00565567, -0.172749, 1.26875, -0.000501945, 0.00603959, 3.69608, 0.0153299, 4.99791,-8.59948
3.54519, 0.00526434, -0.172472, 1.23477, -0.0230304, 0.0487803, 3.70863, 0.0154154, -0.241723,1.57662
3.55561, 0.00528736, -0.171954, 1.22996, 0.0276912, 0.0451706, 3.72095, 0.0154834, -3.31156,-21.0622
3.56696, 0.00515265, -0.171505, 1.22572, -0.0316212, 0.0348182, 3.73321, 0.015536, 0.352415,4.65986
3.57739, 0.0049149, -0.171133, 1.21754, -0.0375534, 0.0374682, 3.74543, 0.0155873, -3.45763,7.80767
3.58813, 0.00465283, -0.170819, 1.21632, -0.0122667, 0.0234918, 3.7576, 0.015652, -0.872862,-1.87219
3.59889, 0.00455868, -0.170598, 1.21071, 0.00256633, 0.0214808, 3.76973, 0.0157228, -3.73299,-8.36736
3.60974, 0.00444466, -0.170492, 1.2108, -0.0238099, 0.0050995, 3.78184, 0.015741, -0.0111981,3.36481
3.62022, 0.00424602, -0.170463, 1.20289, 0.00643965, 0.0020089, 3.7939, 0.0158172, 2.14114,-9.05176
3.63004, 0.00392734, -0.170295, 1.17895, -0.012889, 0.0243436, 3.8058, 0.0158623, 2.90772,-0.185795
3.64021, 0.00356756, -0.169856, 1.1513, -0.0305499, 0.0521819, 3.81744, 0.0159115, 3.42088,7.9487
3.65063, 0.00331505, -0.169108, 1.12356, -0.0204408, 0.0842426, 3.8288, 0.0159517, -0.57524,3.31627
3.6608, 0.00313204, -0.168224, 1.11639, -0.0257288, 0.0850016, 3.83999, 0.0159746, -4.05899,5.65345
3.67088, 0.0029949, -0.167475, 1.12052, -0.00246455, 0.0623896, 3.85117, 0.0160294, -0.802005,-3.92846
3.68103, 0.00298139, -0.166852, 1.11357, -0.00344933, 0.0608265, 3.86235, 0.0160532, -1.83956,-4.34269
3.69109, 0.00296186, -0.166309, 1.11326, 0.00638698, 0.0500383, 3.87348, 0.0160967, -3.5583,-9.10495
3.70127, 0.00289395, -0.165929, 1.11632, -0.0145765, 0.0289041, 3.88463, 0.0161227, 0.720161,-0.0698243
3.71145, 0.0027608, -0.165614, 1.10443, -0.0130685, 0.0374785, 3.89573, 0.0161555, -2.73994,-0.999144
3.72174, 0.00264695, -0.165364, 1.10609, -0.0115929, 0.0194699, 3.90678, 0.0161866, 0.620472,-1.35223
3.73145, 0.00252688, -0.165179, 1.09543, 0.000870148, 0.0220389, 3.91779, 0.0162098, 1.79106,-6.88176
3.74146, 0.00238861, -0.164867, 1.07654, -0.0170344, 0.0307844, 3.92864, 0.0162387, 9.18275,0.44435
3.75084, 0.00219572, -0.164093, 1.02569, -0.0191588, 0.100404, 3.93913, 0.016262, 2.81388,-0.332477
3.76003, 0.00198976, -0.16286, 1.00295, -0.0206102, 0.123376, 3.94926, 0.0162838, 0.681834,-0.288702
3.76918, 0.00178422, -0.161473, 0.990506, -0.0107938, 0.132842, 3.95922, 0.0162969, -3.49315,-4.75555
3.77847, 0.00154507, -0.160176, 0.995444, -0.0194651, 0.110308, 3.96914, 0.01632, -1.34356,-0.300644
3.78737, 0.00124998, -0.159031, 0.991476, -0.023241, 0.109421, 3.97907, 0.0163384, -7.61747,1.94338
3.7975, 0.00111702, -0.158187, 1.01424, -0.0174234, 0.0507963, 3.98909, 0.0163541, 4.82443,0.540046
3.80612, 0.000944401, -0.157416, 0.986556, 0.00304345, 0.0870568, 3.99908, 0.0163585, -2.5541,-9.14189
3.81497, 0.000745858, -0.15654, 0.984066, -0.0326866, 0.0833313, 4.00893, 0.0163698, -7.64865,6.32469
3.82492, 0.000627126, -0.156006, 1.00384, 0.00320241, 0.0324219, 4.01888, 0.0163778, 2.05384,-8.12984
3.83334, 0.000463129, -0.155671, 0.994046, -0.0413464, 0.043232, 4.02889, 0.0163899, -6.10285,10.72
3.84307, 0.00042523, -0.155453, 1.00426, 0.00754227, 0.0058546, 4.03886, 0.0163809, 4.95428,-10.0261
3.85133, 0.000272286, -0.155248, 0.975065, -0.0123923, 0.0401863, 4.04878, 0.0163944, 2.94267,-2.35661
3.85938, 0.000113664, -0.154741, 0.957617, -0.0451659, 0.0601385, 4.05843, 0.0163889, -2.672,11.1131
3.86795, 2.68486e-05, -0.154199, 0.956088, -0.00684306, 0.0457692, 4.06798, 0.0163875, 2.45613,-5.49406
3.87646, 3.35781e-05, -0.153621, 0.935777, -0.00932374, 0.0644285, 4.07743, 0.0163881, 2.62845,-6.02506
3.88453, -5.89032e-05, -0.152839, 0.916736, -0.0258241, 0.0829368, 4.08668, 0.0163852, 0.898368,-0.010566
3.89272, -0.000161912, -0.1519, 0.901501, -0.00846001, 0.0918389, 4.09576, 0.0163872, 2.90024,-8.26851
3.90066, -0.000305717, -0.150793, 0.880267, -0.0169222, 0.112119, 4.10466, 0.0163866, 2.42668,-5.54892
3.90872, -0.000508451, -0.149473, 0.860658, -0.0221127, 0.136108, 4.11335, 0.0163818, -4.43728,-3.98187
3.91696, -0.000743466, -0.148242, 0.871953, -0.02633, 0.105733, 4.12202, 0.0163799, -2.89026,-1.35439
3.92512, -0.000986965, -0.147273, 0.876236, -0.0251033, 0.0850381, 4.13076, 0.0163723, -0.152899,-1.16403
3.93318, -0.00121907, -0.146401, 0.86961, -0.0253085, 0.0847511, 4.13949, 0.016361, -1.44556,-0.864308
3.94121, -0.00143583, -0.145589, 0.868036, -0.0275134, 0.0716453, 4.14817, 0.0163389, 2.80269,0.484902
3.94879, -0.00170602, -0.1447, 0.846945, -0.0215515, 0.0917347, 4.15675, 0.0163378, 2.87965,-2.12959
3.95638, -0.00193123, -0.143582, 0.827798, -0.0108835, 0.11218, 4.1651, 0.0163228, -0.504305,-7.0748
3.96402, -0.00218357, -0.142385, 0.820857, -0.0290482, 0.114004, 4.17334, 0.0163074, -3.48575,0.870909
3.9718, -0.0024362, -0.141343, 0.828504, -0.0248557, 0.0885209, 4.18159, 0.0162895, -0.705084,-0.0942024
3.97934, -0.00264024, -0.140452, 0.824846, -0.0294344, 0.0825808, 4.18985, 0.0162556, -0.34794,2.00695
3.98659, -0.00283902, -0.13959, 0.818107, -0.0169314, 0.0791312, 4.19807, 0.0162342, 2.19889,-3.29392
3.99341, -0.0030598, -0.138645, 0.801492, -0.00710057, 0.0959016, 4.20616, 0.016219, -0.78085,-7.77265
4.00068, -0.00327085, -0.137642, 0.796545, -0.0202776, 0.096099, 4.21415, 0.0161944, -4.66953,-2.11797
4.0083, -0.00349688, -0.136845, 0.808514, -0.0239423, 0.0624722, 4.22217, 0.0161681, 0.491242,0.328377
4.01553, -0.00365774, -0.136192, 0.800177, -0.0208627, 0.0626455, 4.23022, 0.016121, 2.32863,-1.19051
4.02199, -0.0038964, -0.135435, 0.785886, 0.00805994, 0.0787978, 4.23815, 0.0161004, -3.22054,-13.628
4.02931, -0.00416399, -0.134701, 0.7885, -0.0375162, 0.0621419, 4.246, 0.0160853, -0.721195,6.60317
4.03632, -0.00446195, -0.134124, 0.786842, -0.0429515, 0.053968, 4.25388, 0.0160437, -0.272829,9.75717
4.04328, -0.00459814, -0.133574, 0.779613, -0.0139955, 0.0495546, 4.26171, 0.0159841, 4.8683,-2.85648
4.04899, -0.00490141, -0.132849, 0.754504, 0.00269539, 0.0878982, 4.26938, 0.0159728, -6.58776,-10.126
4.0565, -0.00508403, -0.132183, 0.77088, -0.034801, 0.0440674, 4.27699, 0.0159369, 3.10024,6.69904
4.0629, -0.00529694, -0.131642, 0.754134, -0.0397267, 0.0611594, 4.28462, 0.0158835, 1.11688,8.58834
4.06936, -0.0054632, -0.130919, 0.740771, 0.0101435, 0.0718902, 4.29207, 0.0158396, 0.175983,-13.1273
4.07587, -0.00570975, -0.130145, 0.732003, -0.0207132, 0.0760045, 4.29943, 0.0158191, -0.807075,0.224821
4.08254, -0.00594276, -0.129382, 0.726417, -0.0270504, 0.0708803, 4.30671, 0.0157714, 2.82159,3.20883
4.08878, -0.00610733, -0.128522, 0.706848, -0.0190514, 0.0889842, 4.31388, 0.015707, 3.96604,-0.847618
4.09406, -0.00647807, -0.12741, 0.685684, -0.0151765, 0.122969, 4.32084, 0.0156845, -8.98072,-2.22066
4.10077, -0.00674075, -0.126493, 0.714204, -0.026465, 0.0580291, 4.32784, 0.0156365, 3.7731,4.21332
4.10681, -0.00689834, -0.125726, 0.695087, 0.0131254, 0.0835998, 4.33486, 0.0155734, -3.18065,-13.4416
4.11354, -0.00720832, -0.124929, 0.697511, -0.0408683, 0.0655147, 4.3418, 0.0155582, 1.86748,10.5816
4.11923, -0.00742643, -0.124186, 0.683776, -0.0451957, 0.0777964, 4.3487, 0.0154841, 0.557467,12.2946
4.12527, -0.00758854, -0.123319, 0.673035, 0.0102545, 0.0853761, 4.35547, 0.0154255, -0.725651,-11.7912
4.13131, -0.00782684, -0.122462, 0.668987, -0.026888, 0.080197, 4.36218, 0.0154028, 1.07176,4.33742
4.13693, -0.0079272, -0.121592, 0.657532, -0.0273504, 0.087091, 4.36881, 0.0153252, 1.82901,3.75068
4.14274, -0.00811118, -0.120597, 0.644021, 0.000483286, 0.100153, 4.37531, 0.0152928, -0.680915,-8.56062
4.14833, -0.00826243, -0.119572, 0.640277, -0.040146, 0.0968576, 4.38173, 0.0152345, -1.28536,8.47479
4.15416, -0.00838463, -0.118614, 0.63909, 0.00474191, 0.09118, 4.38813, 0.0151621, -3.41233,-11.0887
4.16042, -0.00859753, -0.117829, 0.647004, -0.023053, 0.0610229, 4.39455, 0.0151452, 5.93365,1.35426
4.1653, -0.00868501, -0.116945, 0.615235, -0.0277606, 0.104136, 4.40087, 0.0150595, 1.14371,1.82821
4.17069, -0.00888568, -0.115805, 0.606113, 0.00232177, 0.111945, 4.40697, 0.0150226, -2.53724,-11.2534
4.17635, -0.00908369, -0.114724, 0.609347, -0.0365296, 0.0944498, 4.41305, 0.0149648, 0.902607,5.54451
4.18164, -0.00926015, -0.113712, 0.600321, -0.0170719, 0.0999397, 4.4191, 0.0149042, -0.292075,-3.0745
4.18714, -0.00949515, -0.112683, 0.596825, -0.0257108, 0.0960537, 4.42509, 0.0148595, -0.300324,0.819833
4.19262, -0.00967754, -0.111681, 0.592852, -0.0221949, 0.0947503, 4.43103, 0.0147908, -2.14301,-0.814187
4.1982, -0.00990049, -0.110789, 0.596401, -0.018873, 0.076729, 4.43698, 0.0147397, 1.74897,-1.81947
4.20364, -0.0100909, -0.109897, 0.584308, -0.0202046, 0.0903766, 4.44287, 0.0146729, -2.6795,-1.57039
4.20915, -0.0103081, -0.109077, 0.589582, -0.0198503, 0.0721743, 4.44875, 0.0146173, -1.02648,-1.30656
4.21466, -0.0105087, -0.108389, 0.589623, -0.0206896, 0.0597363, 4.45465, 0.0145536, 2.94569,-0.72183
4.22002, -0.0107297, -0.107619, 0.570926, -0.0204391, 0.0837486, 4.46044, 0.0144942, -1.63748,-1.11828
4.22537, -0.0109387, -0.106824, 0.573053, -0.0216271, 0.0696279, 4.46617, 0.0144309, 0.869859,-0.319322
4.23063, -0.0111554, -0.106047, 0.564793, -0.0166448, 0.077447, 4.47185, 0.0143708, -3.08448,-2.4644
4.23596, -0.0113762, -0.105382, 0.572193, -0.0222492, 0.0540385, 4.47753, 0.0143071, 1.12646,0.483211
4.24119, -0.0115903, -0.104762, 0.563301, -0.0206808, 0.0652449, 4.4832, 0.014243, -5.11822,-0.221898
4.24653, -0.0117792, -0.104332, 0.578958, -0.0177947, 0.0257389, 4.48892, 0.0141766, 3.36245,-0.775172
4.2517, -0.0119589, -0.103927, 0.559136, -0.0181592, 0.0480014, 4.4946, 0.0141101, 3.04133,-1.04268
4.25683, -0.0121472, -0.103282, 0.539612, -0.0194311, 0.0731983, 4.50008, 0.0140448, -0.951766,-0.956261
4.26184, -0.0123069, -0.102574, 0.539114, -0.0192828, 0.0637652, 4.50548, 0.0139667, 1.30205,-1.07976
4.26669, -0.0125372, -0.101843, 0.528219, -0.0260382, 0.0756495, 4.51081, 0.0139137, -2.3062,1.8214
4.27167, -0.012698, -0.101167, 0.533065, -0.0157669, 0.0566123, 4.51612, 0.0138411, 1.74101,-2.45302
4.27654, -0.012873, -0.100494, 0.520417, -0.018728, 0.0705124, 4.52138, 0.0137789, -1.04653,-1.52539
4.2814, -0.0130415, -0.099816, 0.519748, -0.018584, 0.0614791, 4.52658, 0.0137079, 1.3286,-1.59148
4.28614, -0.01324, -0.0991108, 0.509738, -0.0174056, 0.0720114, 4.53172, 0.0136466, -2.00215,-2.22817
4.29093, -0.0134199, -0.0984489, 0.512381, -0.0205754, 0.0565465, 4.53683, 0.0135723, 2.01869,-0.700251
4.29557, -0.0136332, -0.0977638, 0.498805, -0.0234002, 0.0724674, 4.54188, 0.0135106, -1.20738,0.382582
4.30018, -0.0138014, -0.0970674, 0.498683, -0.0272092, 0.0627596, 4.54687, 0.0134288, 1.22447,2.02034
4.30467, -0.0140229, -0.0963505, 0.488401, -0.0198134, 0.0725127, 4.5518, 0.0133751, -0.662675,-1.11819
4.3092, -0.0141455, -0.0956241, 0.485969, -0.0197429, 0.0663935, 4.55667, 0.0132882, 1.7145,-1.47653
4.31363, -0.0143529, -0.0948409, 0.473366, -0.0199752, 0.0804036, 4.56146, 0.0132372, -0.922226,-1.51678
4.31797, -0.0144855, -0.0940441, 0.472473, -0.0135296, 0.0734618, 4.56619, 0.0131514, -0.0445827,-4.52598
4.32235, -0.0147291, -0.0932708, 0.467417, -0.0263527, 0.0736965, 4.57088, 0.013099, -0.042404,1.25847
4.32667, -0.0148998, -0.0925019, 0.463258, -0.00359407, 0.0728926, 4.57554, 0.0130143, -0.296974,-8.5747
4.33098, -0.0151288, -0.0917505, 0.459339, -0.027132, 0.0708883, 4.58014, 0.0129598, 0.382382,1.74634
4.33519, -0.0153394, -0.0909946, 0.453674, -0.00787454, 0.0726861, 4.58471, 0.0128863, -0.0992438,-6.38319
4.33941, -0.0155254, -0.0902378, 0.449046, -0.0247615, 0.0721293, 4.58922, 0.0128175, 0.287452,0.82254
4.34354, -0.015763, -0.089474, 0.444772, -0.0134331, 0.0716229, 4.59369, 0.0127619, 0.125145,-3.71794
4.34747, -0.0158891, -0.0887117, 0.438734, -0.0252044, 0.0735053, 4.5981, 0.0126699, 0.278789,0.913013
4.35151, -0.0161417, -0.0879298, 0.434058, -0.0232713, 0.0751722, 4.60246, 0.0126212, -1.41843,0.457939
4.35558, -0.016243, -0.0872137, 0.436596, -0.0162247, 0.0621324, 4.60681, 0.0125214, 1.01153,-2.86824
4.35952, -0.0164565, -0.0865128, 0.428099, -0.0272724, 0.0704172, 4.61113, 0.0124753, -1.40524,1.91518
4.36354, -0.0165812, -0.0858439, 0.42995, 0.00443006, 0.0601324, 4.61542, 0.0123915, -0.574824,-11.837
4.36755, -0.0167582, -0.0852576, 0.428482, -0.0314927, 0.0542981, 4.61972, 0.0123248, 0.901879,3.59646
4.37142, -0.016976, -0.084663, 0.421986, -0.00267769, 0.0586137, 4.62397, 0.0122622, -0.224963,-8.55162
4.37525, -0.0171044, -0.0840528, 0.417845, -0.0279013, 0.0564879, 4.62816, 0.0121627, 1.6426,1.9626
4.379, -0.0174165, -0.0833847, 0.406573, -0.0284498, 0.069134, 4.63228, 0.0121223, -0.682022,2.82028
4.38276, -0.0175573, -0.0826939, 0.405449, -0.00792511, 0.0636566, 4.63633, 0.0120302, 0.0178733,-6.11477
4.38651, -0.0177387, -0.0820298, 0.401096, -0.024895, 0.06339, 4.64037, 0.0119687, 0.393705,1.16602
4.39017, -0.0179504, -0.0813531, 0.396007, -0.0042274, 0.0655283, 4.64435, 0.011909, -0.503588,-7.5009
4.39381, -0.0180589, -0.0806856, 0.393648, -0.0238688, 0.0613426, 4.64829, 0.0118115, 0.914681,0.549095
4.39738, -0.018318, -0.0799972, 0.385543, -0.0267644, 0.0689234, 4.65218, 0.0117672, -0.865226,2.18431
4.40096, -0.0184454, -0.0793169, 0.38523, -0.00665451, 0.0624082, 4.65604, 0.0116788, -0.0847878,-6.62301
4.40449, -0.0185937, -0.0786717, 0.381474, -0.0237439, 0.0612246, 4.65987, 0.0116109, 0.572983,0.549593
4.408, -0.0187898, -0.0780061, 0.374939, -0.00925988, 0.0650513, 4.66365, 0.011552, 0.428199,-5.57177
4.41148, -0.018871, -0.077305, 0.369524, -0.00624261, 0.0683907, 4.66737, 0.0114612, -0.946847,-7.46502
4.41492, -0.0190664, -0.0766347, 0.369778, -0.0269296, 0.0606846, 4.67106, 0.011407, 0.332745,1.6336
4.41828, -0.0192586, -0.0759924, 0.364609, -0.0113136, 0.0623149, 4.67474, 0.0113395, 0.509689,-4.94718
4.42165, -0.0193523, -0.0753213, 0.359568, -0.0104311, 0.0652995, 4.67835, 0.0112472, -0.908551,-5.82352
4.42502, -0.019588, -0.0746847, 0.36032, -0.0269904, 0.0573159, 4.68195, 0.011204, 0.0659159,1.77778
4.42836, -0.0197401, -0.074088, 0.356437, -0.010052, 0.0570277, 4.68553, 0.0111217, 0.425994,-5.56345
4.43165, -0.0198474, -0.073478, 0.351997, -0.0125632, 0.0590368, 4.68907, 0.0110375, -0.718081,-4.86648
4.43494, -0.0201144, -0.0728975, 0.351809, -0.0340537, 0.053188, 4.69259, 0.010999, -0.300988,5.03834
4.43819, -0.0202274, -0.0723596, 0.349212, -0.00679567, 0.0502128, 4.69609, 0.0109095, 1.063,-6.90833
4.44141, -0.0203163, -0.0717946, 0.341947, -0.0206551, 0.0561005, 4.69954, 0.010828, 0.463734,-1.49204
4.44454, -0.0205416, -0.0711883, 0.336603, -0.0117606, 0.0586323, 4.70293, 0.0107864, 0.383302,-4.96296
4.4476, -0.0206607, -0.0705496, 0.330744, -0.0141424, 0.0623349, 4.70626, 0.0106998, -0.115173,-4.2536
4.45067, -0.0208054, -0.0699075, 0.329049, -0.0168601, 0.0604163, 4.70956, 0.0106204, -1.23529,-3.16151
4.45376, -0.0210657, -0.0693343, 0.330883, -0.0161219, 0.0504141, 4.71286, 0.0105762, 0.647899,-2.74529
4.45679, -0.0212407, -0.068775, 0.324128, -0.0170999, 0.0557129, 4.71613, 0.0104957, 0.110745,-2.28663
4.4598, -0.0213946, -0.0681926, 0.321406, -0.0170437, 0.0556596, 4.71935, 0.0104151, -1.14029,-2.32511
4.46281, -0.0216576, -0.0676665, 0.322899, -0.0232236, 0.0456995, 4.72258, 0.0103726, 1.39576,1.09286
4.46577, -0.0218067, -0.0671176, 0.312588, -0.0120185, 0.0574282, 4.72575, 0.0102928, -0.0974141,-3.8907
4.46868, -0.0219251, -0.0665264, 0.310692, -0.0121539, 0.0560824, 4.72886, 0.010214, -1.17388,-4.03403
4.4716, -0.0221305, -0.0659999, 0.312695, -0.0312566, 0.0469515, 4.73198, 0.010164, -0.188082,4.59084
4.47451, -0.0222417, -0.0655218, 0.309494, -0.00619578, 0.045374, 4.73509, 0.0100884, 1.27117,-6.38806
4.47734, -0.0223184, -0.0649966, 0.301379, -0.0101405, 0.054054, 4.73813, 0.0100114, -0.313877,-5.24918
4.48014, -0.0224743, -0.0644591, 0.300686, -0.0238583, 0.049774, 4.74115, 0.00995255, -0.030949,0.721848
4.48293, -0.0226252, -0.0639428, 0.296937, -0.0119086, 0.0495693, 4.74413, 0.00988555, 0.911417,-4.39695
4.48565, -0.0227583, -0.0633868, 0.290067, -0.0147396, 0.05588, 4.74706, 0.00981358, -0.0703586,-3.35129
4.48834, -0.0229128, -0.0628154, 0.288928, -0.0157983, 0.0556216, 4.74996, 0.00974278, -3.16031,-2.84002
4.49112, -0.0231329, -0.0623965, 0.299406, -0.0181867, 0.0294741, 4.7529, 0.0096874, 2.71472,-1.059
4.49384, -0.0233156, -0.0619671, 0.283905, -0.018389, 0.0497064, 4.75581, 0.00961554, 1.01223,-0.96423
4.49643, -0.0235029, -0.0614094, 0.277419, -0.0187293, 0.0560992, 4.75861, 0.00954711, -0.491979,-0.630285
4.49902, -0.0237182, -0.0608574, 0.27762, -0.0357368, 0.0511933, 4.76139, 0.00948968, -0.708113,7.16772
4.50161, -0.0238539, -0.0603498, 0.276256, -0.0102092, 0.0463731, 4.76416, 0.00941942, 1.63255,-3.7881
4.50414, -0.023976, -0.0597916, 0.266132, -0.0138593, 0.0582931, 4.76686, 0.00935301, 0.179702,-2.47944
4.5066, -0.0241237, -0.0591813, 0.2638, -0.016035, 0.0583299, 4.76951, 0.00928771, -1.1144,-1.50874
4.50909, -0.0242893, -0.0586316, 0.266026, -0.0170189, 0.0485833, 4.77216, 0.00922341, 0.733629,-0.825834
4.51155, -0.0244635, -0.0580829, 0.258745, -0.0177261, 0.0551007, 4.77478, 0.00916021, 0.578214,-0.384288
4.51394, -0.0246414, -0.0574811, 0.253618, -0.017827, 0.0591338, 4.77734, 0.00909829, -0.374903,-0.148127
4.51631, -0.0248188, -0.0568886, 0.254126, -0.0167243, 0.0548835, 4.77988, 0.00903751, -1.47282,-0.328179
4.51873, -0.0249789, -0.0563944, 0.258176, -0.0161243, 0.0424054, 4.78244, 0.00897165, 0.58378,-0.299421
4.52111, -0.0251398, -0.0559214, 0.252067, -0.0160739, 0.0473035, 4.78499, 0.00890876, 0.519299,-0.208273
4.52345, -0.0253002, -0.0554084, 0.247679, -0.0160445, 0.0503892, 4.78748, 0.00884718, -0.355988,-0.0858127
4.52576, -0.0254581, -0.0549084, 0.248177, -0.0157096, 0.0460092, 4.78996, 0.0087857, -1.05793,-0.0190744
4.5281, -0.0255866, -0.0544873, 0.250123, -0.0129189, 0.0368729, 4.79246, 0.008719, 1.05019,-1.13118
4.53038, -0.0257179, -0.0540528, 0.242088, -0.0145062, 0.0449797, 4.79491, 0.00865594, 0.843198,-0.520535
4.53262, -0.0258678, -0.0535495, 0.23631, -0.0154184, 0.0503649, 4.7973, 0.00859686, -0.0972436,-0.0565357
4.53482, -0.0260225, -0.0530399, 0.23601, -0.0160644, 0.0476184, 4.79966, 0.00853774, -1.11891,0.417582
4.53705, -0.0261052, -0.0526061, 0.239091, -0.00712183, 0.0371293, 4.80204, 0.00846033, 0.771127,-3.58419
4.53922, -0.0262425, -0.0521766, 0.231977, -0.0145753, 0.0437627, 4.80439, 0.00840641, 0.782697,-0.372015
4.54136, -0.0263963, -0.0516846, 0.226096, -0.016068, 0.049184, 4.80668, 0.0083502, 0.11352,0.392022
4.54346, -0.0265653, -0.051173, 0.224508, -0.0217079, 0.0488514, 4.80893, 0.00829676, -1.28595,3.10245
4.54559, -0.0266779, -0.0507342, 0.229064, -0.00344377, 0.0371535, 4.8112, 0.00822802, -0.276588,-4.69228
4.54773, -0.0267545, -0.0503582, 0.226835, -0.0120801, 0.0353602, 4.81348, 0.00816319, 1.04986,-1.2235
4.54979, -0.0268882, -0.0499394, 0.219611, -0.00807598, 0.043468, 4.8157, 0.0081077, -0.0734921,-2.93836
4.55183, -0.027057, -0.0494908, 0.217738, -0.0186879, 0.0422344, 4.81789, 0.00805368, 0.0914957,1.94811
4.55385, -0.0272381, -0.0490575, 0.216598, -0.0161535, 0.041258, 4.82006, 0.00800061, -1.05801,1.26266
4.55589, -0.0272935, -0.0486792, 0.218985, 1.95727e-05, 0.0328895, 4.82223, 0.00792258, 0.112824,-5.98466
4.55792, -0.0273981, -0.0483277, 0.214753, -0.0135517, 0.0344045, 4.8244, 0.00786827, 1.30174,-0.21818
4.55989, -0.0275383, -0.0479113, 0.206484, -0.0144058, 0.0440113, 4.8265, 0.00781576, 0.400082,0.215978
4.56181, -0.0276831, -0.0474417, 0.203416, -0.014541, 0.0459074, 4.82854, 0.00776472, -0.639271,0.446726
4.56372, -0.0278071, -0.0470055, 0.205326, -0.00430059, 0.0393712, 4.83059, 0.00770731, -0.588132,-3.82754
4.56564, -0.0278147, -0.0466263, 0.205609, -0.00677473, 0.0342436, 4.83265, 0.00762831, 0.591156,-3.3432
4.56752, -0.0279308, -0.0462377, 0.199683, -0.0130928, 0.0394627, 4.83467, 0.00758012, 0.721976,-0.633557
4.56936, -0.0280743, -0.0457964, 0.194355, -0.0142087, 0.0443723, 4.83663, 0.00753366, 0.233992,0.00972485
4.57116, -0.0282196, -0.0453317, 0.192263, -0.0148201, 0.0447385, 4.83856, 0.00748535, -0.583172,0.494288
4.57297, -0.0283424, -0.0449043, 0.193722, -0.00385988, 0.0387685, 4.8405, 0.00743084, -0.246483,-4.07549
4.57478, -0.0283466, -0.0445162, 0.193029, -0.00428932, 0.0359942, 4.84243, 0.00735545, 0.16325,-4.4841
4.57656, -0.0284444, -0.0441312, 0.18928, -0.0127816, 0.0374036, 4.84434, 0.00730669, 0.998331,-0.881083
4.57829, -0.0285902, -0.0436974, 0.182744, -0.0149178, 0.0443105, 4.84619, 0.00726211, 0.47611,0.23067
4.57998, -0.0287401, -0.0432194, 0.179484, -0.0163211, 0.0465517, 4.848, 0.00721459, -0.334311,1.09866
4.58166, -0.0289032, -0.0427593, 0.180354, -0.010995, 0.0420691, 4.8498, 0.00717053, -0.534641,-0.783247
4.58335, -0.0289385, -0.0423434, 0.180723, 0.000391966, 0.0378527, 4.85161, 0.0071028, -0.120332,-6.05591
4.58503, -0.0289581, -0.0419577, 0.179199, -0.00845645, 0.036194, 4.85341, 0.00704018, 0.571693,-2.7152
4.58668, -0.0290655, -0.0415496, 0.173986, -0.0126228, 0.0407294, 4.85517, 0.00699633, 0.611992,-0.906625
4.58829, -0.0292042, -0.0410977, 0.169547, -0.0148857, 0.0447226, 4.85688, 0.00695365, -0.00823407,0.282736
4.58987, -0.0293609, -0.0406373, 0.168722, -0.0151876, 0.0434019, 4.85857, 0.00691281, -0.725649,0.791859
4.59146, -0.0294875, -0.0402259, 0.170781, -0.00490952, 0.0368093, 4.86027, 0.00686328, -0.344171,-3.39206
4.59306, -0.0294964, -0.0398588, 0.170596, 3.44126e-05, 0.0339021, 4.86198, 0.00679652, -0.223996,-6.01856
4.59465, -0.0295342, -0.0395198, 0.169422, -0.00997562, 0.0317704, 4.86368, 0.00673967, 0.623025,-2.01482
4.59621, -0.029651, -0.0391583, 0.164215, -0.0130627, 0.0365723, 4.86534, 0.00669773, 0.598457,-0.570101
4.59771, -0.0297861, -0.0387532, 0.160024, -0.0150064, 0.0403497, 4.86696, 0.00665544, 0.0348661,0.50763
4.5992, -0.0299437, -0.0383391, 0.159219, -0.0206359, 0.0395024, 4.86855, 0.00661792, -1.01654,3.36333
4.60071, -0.0300363, -0.0379853, 0.162662, -0.000550153, 0.0304445, 4.87017, 0.00656705, 0.0410203,-5.20427
4.60223, -0.030036, -0.0376703, 0.160952, 1.53173e-05, 0.0301339, 4.87178, 0.00650427, 0.0441909,-5.97739
4.60372, -0.0300387, -0.0373631, 0.15956, -0.00621706, 0.0290868, 4.87338, 0.00644426, 0.319168,-3.7851
4.60519, -0.0301307, -0.0370439, 0.15573, -0.0116794, 0.0316272, 4.87496, 0.00640511, 0.686392,-1.40383
4.60662, -0.0302699, -0.0366861, 0.15105, -0.0147151, 0.03615, 4.87649, 0.0063684, 0.316519,0.208865
4.60801, -0.0304198, -0.0363022, 0.148812, -0.0163981, 0.037262, 4.87799, 0.00632862, -0.326347,1.33734
4.60941, -0.030582, -0.0359397, 0.149644, -0.00989077, 0.0331057, 4.87948, 0.00629186, -0.204248,-0.945973
4.61081, -0.0306125, -0.0356022, 0.148588, 0.000150838, 0.0316425, 4.88097, 0.00623373, 0.145478,-5.58053
4.61218, -0.0306077, -0.0352702, 0.146755, -0.000758171, 0.0318684, 4.88244, 0.00617447, -0.0635581,-5.70739
4.61355, -0.0306287, -0.034947, 0.145591, -0.00754552, 0.030556, 4.8839, 0.00612511, 0.28274,-3.11759
4.6149, -0.0307332, -0.0346126, 0.142078, -0.0128052, 0.0329133, 4.88534, 0.00608918, 0.501054,-0.699827
4.61621, -0.0308754, -0.0342485, 0.138379, -0.0153322, 0.0361841, 4.88674, 0.00605413, 0.0645218,0.768064
4.61749, -0.0310362, -0.0338743, 0.137332, -0.0152773, 0.0355974, 4.88812, 0.00602125, -0.483917,1.27226
4.61879, -0.0311625, -0.0335327, 0.138432, -0.00664005, 0.0310575, 4.8895, 0.00597839, -0.175386,-2.1062
4.62008, -0.0311844, -0.0332152, 0.137264, 6.68548e-05, 0.0298889, 4.89087, 0.0059255, 0.219975,-5.31213
4.62135, -0.0311899, -0.0328971, 0.135048, 2.44006e-06, 0.0309333, 4.89223, 0.00587458, -0.0558143,-5.70229
4.6226, -0.0311899, -0.032585, 0.134442, -0.00513146, 0.0293523, 4.89358, 0.00582154, -0.117538,-3.90643
4.62385, -0.0312829, -0.032282, 0.132687, -0.0119311, 0.0287969, 4.89491, 0.00578748, 0.571676,-0.822431
4.62508, -0.0314148, -0.0319575, 0.128584, -0.0141783, 0.0327176, 4.89622, 0.00575474, 0.299317,0.505089
4.62626, -0.0315563, -0.0316086, 0.126416, -0.0150891, 0.0339587, 4.89749, 0.00572118, -0.210355,1.34046
4.62745, -0.0317051, -0.0312728, 0.12699, -0.0139501, 0.0310078, 4.89876, 0.00569034, -0.605081,1.37426
4.62864, -0.0317512, -0.0309775, 0.127768, 0.000321237, 0.0264088, 4.90003, 0.00564291, 0.535906,-4.88759
4.62981, -0.0317566, -0.0306798, 0.123927, 1.16647e-05, 0.0299338, 4.90129, 0.00559599, 0.401544,-5.14628
4.63096, -0.0317566, -0.030355, 0.121383, -1.11063e-05, 0.0318594, 4.90251, 0.00554829, -0.105567,-5.54531
4.63209, -0.0317576, -0.030036, 0.121515, -0.00108197, 0.0296473, 4.90372, 0.00550066, -0.474886,-5.44663
4.63323, -0.0318259, -0.0297508, 0.121936, -0.010989, 0.0257659, 4.90494, 0.0054674, 0.447383,-1.09206
4.63436, -0.0319532, -0.0294635, 0.118543, -0.0141402, 0.0286797, 4.90614, 0.00543745, 0.321802,0.661744
4.63545, -0.0321067, -0.0291549, 0.11633, -0.0210493, 0.0304126, 4.90731, 0.00541015, -0.445555,4.21887
4.63655, -0.0322394, -0.0288672, 0.117932, -0.0119352, 0.0256458, 4.90849, 0.0053794, -0.29155,0.766604
4.63765, -0.0322902, -0.0286148, 0.117422, -2.19028e-05, 0.0234478, 4.90966, 0.00533684, 0.57509,-4.41517
4.63873, -0.03229, -0.0283438, 0.113187, 8.57812e-06, 0.0277047, 4.91081, 0.00529224, 0.494442,-4.80862
4.63976, -0.0322901, -0.0280322, 0.109562, -2.40807e-05, 0.0311189, 4.91192, 0.00524993, 0.310796,-5.16471
4.64078, -0.0322905, -0.0276973, 0.107387, -3.48908e-05, 0.032686, 4.91301, 0.0052086, -0.225855,-5.5103
4.64179, -0.0322909, -0.0273744, 0.108246, -3.48395e-05, 0.0297531, 4.91408, 0.00516723, -0.795042,-5.81964
4.64281, -0.0323732, -0.0270974, 0.109704, -0.0115788, 0.0241404, 4.91517, 0.0051395, 0.48328,-0.600459
4.64381, -0.0324963, -0.0268255, 0.106161, -0.0140652, 0.0275337, 4.91625, 0.00511033, 0.295668,0.894466
4.64479, -0.0326395, -0.02653, 0.104059, -0.0145283, 0.0290041, 4.9173, 0.00508401, -0.142314,1.65612
4.64577, -0.0327823, -0.026243, 0.104526, -0.0140906, 0.0266955, 4.91834, 0.00505791, -0.63612,2.05936
4.64675, -0.0328486, -0.025992, 0.105278, -0.000269563, 0.0223316, 4.91939, 0.00502207, 0.698039,-3.79002
4.64771, -0.0328483, -0.0257267, 0.10047, 3.04027e-05, 0.0275519, 4.92042, 0.00498211, 0.69478,-4.25268
4.64863, -0.0328482, -0.0254098, 0.0962869, 1.07088e-05, 0.0321623, 4.9214, 0.00494391, 0.308951,-4.5696
4.64953, -0.0328482, -0.025065, 0.0944039, -2.15297e-06, 0.0334001, 4.92235, 0.00490686, -0.180296,-4.86118
4.65041, -0.0328442, -0.0247322, 0.0951721, -0.000530053, 0.0305895, 4.92329, 0.00486842, -0.578804,-4.91833
4.65132, -0.0328455, -0.0244489, 0.0980469, -5.52853e-05, 0.0246224, 4.92426, 0.0048323, -0.912063,-5.34623
4.65225, -0.0329114, -0.0242354, 0.100714, -0.0102084, 0.0175278, 4.92526, 0.00480623, 0.281266,-0.752358
4.65318, -0.033029, -0.0240432, 0.098444, -0.0130518, 0.0190969, 4.92625, 0.00478135, 0.269912,0.944949
4.65409, -0.0331708, -0.0238379, 0.0966465, -0.0138764, 0.0202161, 4.92722, 0.00475858, -0.00377891,1.92502
4.65499, -0.0333092, -0.0236351, 0.0964029, -0.0138418, 0.0191047, 4.92819, 0.00473318, -0.353411,2.53375
4.65589, -0.0333808, -0.0234526, 0.0961622, -0.00200978, 0.0167529, 4.92915, 0.00469833, 0.689449,-2.37441
4.65677, -0.0333839, -0.0232442, 0.0912903, 4.99219e-05, 0.0222097, 4.93009, 0.00466209, 0.79196,-3.51524
4.65759, -0.0333776, -0.022976, 0.0863701, 1.87735e-07, 0.028051, 4.93097, 0.00462623, 0.5092,-3.80155
4.65839, -0.0333777, -0.022661, 0.083153, -7.78383e-06, 0.0314593, 4.93182, 0.00459394, 0.0572873,-4.04825
4.65916, -0.0333778, -0.0223332, 0.0824083, -1.1423e-05, 0.0311654, 4.93264, 0.00456228, -0.409773,-4.26714
4.65994, -0.033383, -0.0220321, 0.0841445, -5.82763e-06, 0.0270992, 4.93347, 0.00453184, -0.789729,-4.4256
4.66075, -0.0333831, -0.0217951, 0.088067, -1.159e-05, 0.0198187, 4.93434, 0.00449825, -1.16031,-4.57817
4.6616, -0.0334315, -0.0216451, 0.0919602, -0.00894221, 0.0111038, 4.93524, 0.00447129, 0.0618557,-0.541949
4.66245, -0.0335343, -0.0215297, 0.0904862, -0.0113784, 0.0115039, 4.93615, 0.0044485, 0.294583,0.965468
4.66329, -0.0336533, -0.0214034, 0.088495, -0.0123299, 0.0131308, 4.93704, 0.00442611, 0.0721933,1.92714
4.66411, -0.0337761, -0.0212738, 0.0880036, -0.0122275, 0.0126594, 4.93793, 0.00440402, -0.296805,2.47435
4.66493, -0.0338355, -0.0211546, 0.0871681, -0.0003796, 0.0111493, 4.9388, 0.00437463, 1.05447,-2.45843
4.66571, -0.0338351, -0.0209891, 0.0805417, 5.49162e-05, 0.0194561, 4.93964, 0.00434231, 1.15393,-2.86821
4.66643, -0.0338347, -0.0207334, 0.0739316, 3.23647e-05, 0.0280653, 4.9404, 0.00431254, 0.825714,-3.08286
4.6671, -0.0338344, -0.0204032, 0.0692098, 2.21248e-05, 0.0338833, 4.94112, 0.00428492, 0.378453,-3.285
4.66774, -0.0338343, -0.0200331, 0.066888, 1.4051e-05, 0.0360607, 4.94179, 0.00425862, -0.0665624,-3.46212
4.66837, -0.0338342, -0.0196619, 0.0669509, 7.73448e-06, 0.0346206, 4.94246, 0.00423271, -0.466973,-3.6113
4.66901, -0.0338342, -0.0193262, 0.069206, -1.20166e-07, 0.0298834, 4.94314, 0.0042063, -0.814167,-3.73037
4.66968, -0.0338307, -0.0190573, 0.0731978, -6.39212e-05, 0.0224161, 4.94386, 0.00417768, -0.951119,-3.81901
4.6704, -0.033836, -0.0188768, 0.0782157, -4.85787e-05, 0.013596, 4.94462, 0.00415099, -1.17397,-3.86629
4.67115, -0.0338916, -0.0187902, 0.0822852, -0.00869045, 0.00475128, 4.94542, 0.00412936, 0.173844,0.16656
4.67191, -0.0339921, -0.0187364, 0.0806041, -0.0111611, 0.0057758, 4.94623, 0.00410852, 0.34359,1.74907
4.67265, -0.0341077, -0.0186676, 0.0785796, -0.0118361, 0.00770061, 4.94703, 0.0040882, 0.121524,2.64438
4.67338, -0.0342231, -0.0185917, 0.0779307, -0.0112673, 0.00768687, 4.94781, 0.00406827, -0.223276,3.01574
4.67411, -0.034283, -0.0185255, 0.077262, -0.000955985, 0.00649785, 4.94859, 0.00404129, 0.774796,-1.17798
4.67479, -0.0342759, -0.0184194, 0.0716704, 0.000113178, 0.0132147, 4.94933, 0.00401074, 1.16661,-1.81755
4.67543, -0.0342751, -0.018226, 0.0646503, 7.6681e-05, 0.0225531, 4.95001, 0.00398483, 0.976016,-1.95545
4.67601, -0.0342744, -0.0179439, 0.0588315, 7.25473e-05, 0.0301909, 4.95062, 0.00396131, 0.589591,-2.09866
4.67654, -0.0342737, -0.0175999, 0.0550961, 7.11844e-05, 0.0346633, 4.95119, 0.00393956, 0.179958,-2.22366
4.67705, -0.034273, -0.0172289, 0.0535672, 6.94238e-05, 0.0357596, 4.95173, 0.00391875, -0.187837,-2.32516
4.67756, -0.0342723, -0.016865, 0.0540823, 6.32276e-05, 0.0337446, 4.95227, 0.00389807, -0.496698,-2.40032
4.67808, -0.0342717, -0.016539, 0.0563961, 5.18888e-05, 0.0290185, 4.95282, 0.00387678, -0.745221,-2.4487
4.67863, -0.034276, -0.0162769, 0.0602184, 8.21504e-05, 0.022045, 4.9534, 0.00385616, -0.93308,-2.46203
4.67922, -0.0342757, -0.0160999, 0.0652204, 3.11186e-05, 0.0133567, 4.95403, 0.00383148, -1.07599,-2.44728
4.67987, -0.0342711, -0.0160244, 0.0710112, 0.00433528, 0.00380031, 4.95472, 0.00380279, -1.39584,-4.33282
4.68055, -0.0343442, -0.0160536, 0.0761331, -0.0103209, -0.00703456, 4.95545, 0.00378405, 0.660216,2.52021
4.68125, -0.0344479, -0.0161052, 0.0725735, -0.0104049, -0.00269945, 4.9562, 0.00376515, 0.65327,3.15464
4.6819, -0.034544, -0.0161138, 0.0693362, -0.0101071, 0.00136331, 4.9569, 0.00374537, 0.394483,3.57885
4.68254, -0.0346381, -0.0160926, 0.0675062, -0.00881163, 0.00338279, 4.95759, 0.00372835, 0.0423076,3.57092
4.68316, -0.0346886, -0.0160584, 0.0655441, 0.000117214, 0.00435584, 4.95825, 0.00370829, 1.03496,-0.0176992
4.68373, -0.0346837, -0.0159605, 0.0585944, 0.000806152, 0.0133074, 4.95887, 0.00368436, 1.42224,-0.413777
4.68424, -0.0346746, -0.0157508, 0.050174, 0.000992509, 0.024926, 4.95941, 0.00366342, 1.22103,-0.635921
4.68468, -0.0346645, -0.0154277, 0.042909, 0.00103457, 0.0348727, 4.95987, 0.0036455, 0.834726,-0.79632
4.68506, -0.034654, -0.0150172, 0.0376433, 0.00105425, 0.0417438, 4.96027, 0.00362997, 0.433338,-0.93281
4.6854, -0.0346433, -0.0145529, 0.0344745, 0.0010942, 0.0453674, 4.96063, 0.00361604, 0.0803293,-1.06057
4.68572, -0.0346323, -0.0140675, 0.0332236, 0.00109628, 0.0460297, 4.96096, 0.00360293, -0.205701,-1.15388
4.68604, -0.034622, -0.0135898, 0.0336238, 0.000934499, 0.0441595, 4.9613, 0.00358996, -0.422379,-1.15124
4.68637, -0.034614, -0.0131438, 0.0353664, 0.000661532, 0.040264, 4.96164, 0.00357655, -0.587111,-1.06839
4.68672, -0.034609, -0.0127487, 0.0382097, 0.000346753, 0.0347446, 4.96201, 0.00356224, -0.717455,-0.931867
4.6871, -0.034607, -0.0124204, 0.0419897, 9.87185e-05, 0.027878, 4.96242, 0.00354664, -0.826197,-0.78916
4.68752, -0.034606, -0.0121725, 0.0465952, 0.000103459, 0.0198503, 4.96286, 0.0035294, -0.916633,-0.733827
4.68798, -0.0346049, -0.0120163, 0.0519072, 0.000106339, 0.0108608, 4.96335, 0.00351023, -0.999177,-0.661845
4.6885, -0.0346032, -0.0119619, 0.0578408, 0.000231, 0.00105958, 4.96391, 0.00348887, -1.08556,-0.630421
4.68908, -0.0345971, -0.0120157, 0.064069, 0.000160972, -0.00924398, 4.96452, 0.00346423, -0.980679,-0.526043
4.6897, -0.0346044, -0.0121745, 0.0692052, -0.00311512, -0.0182209, 4.96519, 0.00344196, -0.443303,1.06192
4.69035, -0.0346475, -0.0123919, 0.0704875, -0.00419994, -0.0216628, 4.96589, 0.00342648, 0.455106,1.89936
4.69099, -0.0346906, -0.0126063, 0.0677955, -0.0043805, -0.0183869, 4.96658, 0.00340861, 0.602453,2.31417
4.6916, -0.0347326, -0.0127811, 0.0645992, -0.00402453, -0.0140253, 4.96724, 0.00339163, 0.37594,2.48439
4.69219, -0.0347691, -0.0129218, 0.0625707, -0.00336098, -0.0113324, 4.96787, 0.00337547, 0.0311882,2.4973
4.69276, -0.0347525, -0.0130335, 0.0595594, 0.00336052, -0.0088428, 4.96848, 0.00335181, 1.4575,-0.454765
4.69327, -0.0347168, -0.0130553, 0.0504271, 0.00373269, 0.00404349, 4.96902, 0.0033307, 1.51433,-0.818851
4.69369, -0.0346799, -0.0129389, 0.0412754, 0.0036363, 0.017157, 4.96948, 0.00331314, 1.21709,-0.994284
4.69404, -0.034645, -0.012698, 0.0337162, 0.003358, 0.0278252, 4.96985, 0.00329869, 0.840095,-1.07085
4.69432, -0.0346063, -0.0123622, 0.0283196, 0.00983591, 0.0355635, 4.97016, 0.0032848, 0.0795314,-4.09669
4.69458, -0.0345938, -0.0119798, 0.0262144, -4.99995e-06, 0.037012, 4.97043, 0.00327458, 0.547221,0.171798
4.69481, -0.0345891, -0.0115623, 0.0226287, 0.000815959, 0.0415477, 4.97067, 0.00326542, 0.167812,-0.162278
4.69502, -0.0345785, -0.0111153, 0.0211378, 0.00123524, 0.0427697, 4.97088, 0.00325717, -0.069069,-0.338383
4.69523, -0.034565, -0.0106674, 0.0210973, 0.00141368, 0.041736, 4.9711, 0.00324915, -0.222401,-0.411892
4.69543, -0.0345506, -0.0102386, 0.0221107, 0.00145158, 0.0391018, 4.97131, 0.00324091, -0.330889,-0.416674
4.69566, -0.034536, -0.0098437, 0.0239497, 0.00147419, 0.0352481, 4.97154, 0.00323208, -0.415844,-0.402569
4.6959, -0.0345206, -0.00949448, 0.0264712, 0.00159651, 0.030412, 4.9718, 0.00322238, -0.486254,-0.425765
4.69617, -0.0345036, -0.00920046, 0.0295472, 0.00181072, 0.0248098, 4.97208, 0.00321157, -0.556116,-0.488085
4.69647, -0.034484, -0.00896949, 0.0331053, 0.00209122, 0.0185684, 4.97239, 0.00319945, -0.635774,-0.583122
4.6968, -0.0344615, -0.0088087, 0.0371272, 0.00241287, 0.0117276, 4.97274, 0.00318584, -0.73015,-0.70327
4.69717, -0.0344355, -0.00872524, 0.0416307, 0.00276165, 0.00426755, 4.97314, 0.00317056, -0.839031,-0.844115
4.69759, -0.0344062, -0.00872671, 0.0466517, 0.00307457, -0.00386292, 4.97358, 0.00315342, -0.957775,-0.976842
4.69805, -0.0343772, -0.00882059, 0.0521615, 0.00363817, -0.0126495, 4.97408, 0.00313596, -1.04605,-1.20328
4.69857, -0.0343395, -0.00901361, 0.0580468, 0.00388824, -0.0218688, 4.97463, 0.00311413, -1.15527,-1.3336
4.69913, -0.0343352, -0.00929746, 0.0620117, -0.00202005, -0.029661, 4.97524, 0.00309539, 0.318939,1.43022
4.69969, -0.0343576, -0.00959658, 0.0592937, -0.00240214, -0.0262358, 4.97584, 0.00308013, 0.648029,1.90544
4.70022, -0.0343811, -0.00984734, 0.0552207, -0.0023036, -0.0203774, 4.97641, 0.00306578, 0.523166,2.16739
4.70071, -0.0344017, -0.0100446, 0.0518478, -0.0018588, -0.0154872, 4.97695, 0.0030524, 0.259917,2.26467
4.70118, -0.0344169, -0.010205, 0.0498358, -0.00123436, -0.0126682, 4.97745, 0.00303972, -0.0113066,2.26054
4.70164, -0.0344255, -0.010351, 0.0492714, -0.000573853, -0.0120696, 4.97795, 0.00302741, -0.246329,2.21356
4.70208, -0.0343909, -0.010486, 0.0472798, 0.00507613, -0.0110555, 4.97843, 0.00300873, 1.35308,-0.276491
4.70248, -0.0343371, -0.01054, 0.0385339, 0.00559069, 0.00130413, 4.97885, 0.00299239, 1.6021,-0.7053
4.70277, -0.0342749, -0.010453, 0.0289759, 0.00536827, 0.0150709, 4.97918, 0.00297784, 1.50275,-0.880355
4.703, -0.0342242, -0.0102252, 0.0202421, 0.00473252, 0.0276029, 4.97943, 0.00296868, 1.24405,-0.80459
4.70316, -0.0341808, -0.00987656, 0.0130523, 0.00399124, 0.0376961, 4.97959, 0.0029625, 0.976309,-0.629738
4.70326, -0.0341441, -0.0094328, 0.0074395, 0.00338717, 0.0452835, 4.97969, 0.00295875, 0.748243,-0.462998
4.70331, -0.0341128, -0.00891799, 0.0031881, 0.00292117, 0.0507135, 4.97974, 0.00295685, 0.562128,-0.314087
4.70334, -0.0340853, -0.00835245, 5.67507e-05, 0.00259487, 0.0543836, 4.97975, 0.00295635, 0.405089,-0.191119
4.70334, -0.0340598, -0.00775321, -0.00210114, 0.00256636, 0.0565684, 4.97974, 0.00295683, 0.2414,-0.17534
4.70332, -0.0340333, -0.00713619, -0.0033305, 0.00270526, 0.0573298, 4.97971, 0.00295794, 0.0939368,-0.230008
4.7033, -0.0340053, -0.00651562, -0.00376977, 0.00290038, 0.0568804, 4.97968, 0.00295935, -0.0264104,-0.309307
4.70328, -0.0339747, -0.00590345, -0.00357778, 0.00321069, 0.0554801, 4.97964, 0.00296078, -0.127558,-0.445193
4.70326, -0.03394, -0.00530917, -0.00289181, 0.00371843, 0.0533551, 4.97961, 0.00296202, -0.218535,-0.685191
4.70325, -0.0339004, -0.0047403, -0.0018083, 0.00416033, 0.050661, 4.97959, 0.00296289, -0.304769,-0.918426
4.70326, -0.0338575, -0.00420291, -0.000413527, 0.00439908, 0.047516, 4.97958, 0.00296326, -0.365606,-1.07696
4.70327, -0.0338126, -0.00370131, 0.00118766, 0.0045791, 0.0441092, 4.97958, 0.00296304, -0.430793,-1.21566
4.7033, -0.0337661, -0.00323913, 0.00301886, 0.00470895, 0.0404003, 4.9796, 0.00296215, -0.490439,-1.33524
4.70335, -0.0337187, -0.00281993, 0.0050671, 0.00477031, 0.036404, 4.97964, 0.0029605, -0.535826,-1.42421
4.70342, -0.0336711, -0.00244666, 0.00729099, 0.00475283, 0.0321814, 4.97971, 0.00295802, -0.562602,-1.47322
4.70351, -0.033624, -0.00212133, 0.00963593, 0.00466096, 0.0278156, 4.97979, 0.00295465, -0.569738,-1.47991
4.70361, -0.0335782, -0.00184484, 0.0120436, 0.00451026, 0.0233969, 4.9799, 0.00295037, -0.558926,-1.44706
4.70374, -0.033534, -0.00161707, 0.0144617, 0.00432249, 0.0190072, 4.98004, 0.00294515, -0.533842,-1.3826
