-4.7293e-06, -2.00528e-11, -1.43536e-05, 5.13566e-09, -1.79343e-09, 0.000815451, 4.63441e-11, -7.53846e-14, 20.7707,-1.46672
-0.000391979, -0.000200541, 0.000720357, -0.0814864, -0.0415239, 0.146548, -0.000407858, -6.90527e-09, 4.04651,17.1192
-0.00116598, -0.000711925, 0.00225946, -0.0811146, -0.0549907, 0.16225, -0.00122031, -8.82277e-08, -4.89564,25.7548
-0.00158951, -0.00106209, 0.00344772, -0.0324725, -0.0123414, 0.0991396, -0.00176888, 1.87824e-05, -5.36352,8.8932
-0.00170981, -0.00102105, 0.00392507, 0.00392584, 0.0109568, 0.0427945, -0.00185083, 1.75531e-05, 7.46271,-1.85646
-0.00185061, -0.000669855, 0.00454587, -0.0239352, 0.0639923, 0.0910488, -0.00197871, 1.79273e-05, 13.3269,-28.0298
-0.00234286, 0.000261904, 0.00599708, -0.076668, 0.119186, 0.185437, -0.00250822, 1.78534e-05, 11.2038,-59.1864
-0.00324586, 0.00159669, 0.00839524, -0.118095, 0.146459, 0.261121, -0.00350276, 1.82753e-05, 10.8747,-80.6873
-0.00450932, 0.00307365, 0.0116332, -0.158057, 0.148352, 0.336123, -0.00490338, 1.95102e-05, 9.69016,-91.9914
-0.0061034, 0.00442367, 0.0156285, -0.19199, 0.121038, 0.402022, -0.00667041, 2.13726e-05, 9.30165,-89.5278
-0.0080027, 0.00540532, 0.0203032, -0.224554, 0.0787362, 0.466713, -0.00876839, 2.32202e-05, 9.29877,-77.9206
-0.0102056, 0.00601764, 0.0256694, -0.258602, 0.0474847, 0.53238, -0.0112005, 2.46773e-05, 11.1713,-68.7012
-0.0127739, 0.00638452, 0.0318421, -0.303644, 0.0292918, 0.617762, -0.0140345, 2.58169e-05, 11.5377,-63.5579
-0.0157757, 0.00664548, 0.0389065, -0.351419, 0.0248968, 0.70984, -0.0173334, 2.69392e-05, 11.2369,-63.7119
-0.0192296, 0.00688896, 0.0468525, -0.398718, 0.0249252, 0.802312, -0.0211069, 2.83467e-05, 11.5322,-65.5153
-0.0231554, 0.0071242, 0.0556875, -0.449335, 0.0231882, 0.90014, -0.0253713, 3.02907e-05, 13.0258,-66.1878
-0.0276208, 0.00733292, 0.0655209, -0.510316, 0.0199221, 1.01401, -0.0301985, 3.33629e-05, 15.9105,-65.6212
-0.0327969, 0.00749812, 0.076597, -0.588779, 0.0104259, 1.15434, -0.035736, 4.26779e-05, 4.44567,-59.9583
-0.0383658, 0.00771667, 0.0884635, -0.607092, 0.0189069, 1.19711, -0.041727, 2.43312e-05, 5.17453,-63.8503
-0.0446446, 0.00796199, 0.100693, -0.623377, 0.0468866, 1.24026, -0.0479086, -1.72611e-06, 5.14762,-76.767
-0.0513145, 0.00807357, 0.113366, -0.655833, -0.0199328, 1.29527, -0.0543112, -5.97795e-05, 6.09951,-43.7199
-0.0576551, 0.00794064, 0.126574, -0.680091, -0.0176418, 1.35129, -0.060987, -0.000106125, 7.40065,-40.8998
-0.0645279, 0.00777726, 0.140401, -0.714571, -0.0211787, 1.42003, -0.067969, -0.000158175, 0.244536,-34.0318
-0.0711468, 0.00761821, 0.154577, -0.709838, -0.0155605, 1.42151, -0.0750871, -0.000213125, 6.75785,-32.6266
-0.0780766, 0.00750394, 0.169152, -0.740363, -0.0075609, 1.48465, -0.0823517, -0.00026729, -2.83183,-30.6773
-0.0845929, 0.00747018, 0.183884, -0.718203, 0.00247245, 1.46366, -0.0896321, -0.000318792, 3.32531,-31.8605
-0.0912662, 0.00755768, 0.198678, -0.726061, 0.0193975, 1.48988, -0.0968547, -0.000381677, -1.33422,-35.9744
-0.0976375, 0.00768303, 0.213601, -0.709839, 0.0193504, 1.48119, -0.104041, -0.000431957, -3.59409,-32.2911
-0.102885, 0.00785723, 0.228332, -0.680203, 0.0147955, 1.45313, -0.111012, -0.000455485, -4.82183,-26.9277
-0.108129, 0.00821941, 0.242665, -0.643212, 0.0425378, 1.40791, -0.117623, -0.00051524, -8.51577,-39.965
-0.112519, 0.00854566, 0.25641, -0.583806, 0.0279055, 1.33081, -0.123759, -0.000528823, -6.38764,-32.0986
-0.117115, 0.00905074, 0.269483, -0.537638, 0.0392697, 1.27807, -0.129353, -0.000593636, -5.33774,-38.5708
-0.121515, 0.00946104, 0.282057, -0.495545, 0.0415508, 1.22913, -0.134505, -0.000614087, -3.09863,-39.7706
-0.125799, 0.0100343, 0.294287, -0.466178, 0.0608527, 1.205, -0.139304, -0.00067835, -2.7176,-50.4854
-0.129837, 0.0104355, 0.306309, -0.438511, 0.0374498, 1.18214, -0.143819, -0.000696771, -1.94896,-37.3296
-0.133612, 0.0109598, 0.318157, -0.416391, 0.0574001, 1.1704, -0.148076, -0.00075132, -3.78604,-47.6576
-0.135805, 0.0114995, 0.329817, -0.392114, 0.0528437, 1.14796, -0.152068, -0.000794916, 1.22682,-45.5472
-0.139094, 0.0119428, 0.341394, -0.372243, 0.0444639, 1.15073, -0.155828, -0.000825188, -3.25882,-39.3827
-0.142242, 0.0124467, 0.352887, -0.340418, 0.0686529, 1.1263, -0.159375, -0.000868114, 0.102139,-52.3103
-0.145239, 0.0129052, 0.364311, -0.324782, 0.0388252, 1.13082, -0.162695, -0.000914209, -0.352908,-34.3474
-0.148076, 0.0133262, 0.37574, -0.30587, 0.0445978, 1.1285, -0.16584, -0.00094457, 4.32457,-35.564
-0.150928, 0.0138065, 0.387395, -0.314111, 0.060707, 1.17309, -0.168942, -0.000980686, 3.426,-40.8766
-0.153835, 0.0143433, 0.399463, -0.31597, 0.0421945, 1.20744, -0.172093, -0.00104487, 1.80959,-27.4063
-0.15665, 0.0148091, 0.411793, -0.306706, 0.050043, 1.22426, -0.175202, -0.00107575, 3.2656,-28.3121
-0.159398, 0.0153419, 0.424372, -0.306701, 0.0511324, 1.25571, -0.178266, -0.00110645, 2.38532,-25.052
-0.162185, 0.0160415, 0.437252, -0.299808, 0.0705729, 1.28236, -0.181293, -0.00118258, -7.38731,-33.4361
-0.164228, 0.0166497, 0.449866, -0.235076, 0.0581308, 1.21707, -0.183945, -0.00121726, -9.32172,-26.8908
-0.166009, 0.0172561, 0.461665, -0.159107, 0.0628002, 1.13344, -0.185876, -0.0012384, -6.26397,-31.3873
-0.167186, 0.017895, 0.472769, -0.102485, 0.0647128, 1.07911, -0.187156, -0.00125156, -4.49932,-33.7249
-0.167768, 0.0185509, 0.48343, -0.0558618, 0.0654327, 1.04184, -0.187927, -0.00126028, -7.13646,-35.0494
-0.167737, 0.0192102, 0.493582, 0.00677893, 0.0648627, 0.97957, -0.188142, -0.00126399, -7.32768,-37.0664
-0.167316, 0.0198426, 0.503095, 0.0713094, 0.0632333, 0.915374, -0.187715, -0.00125711, -8.87436,-38.7583
-0.166252, 0.0204766, 0.5119, 0.14447, 0.0635367, 0.837092, -0.1866, -0.00124136, -7.29505,-42.6871
-0.164392, 0.0211042, 0.520007, 0.209292, 0.0621607, 0.772887, -0.184805, -0.0012155, -8.89057,-45.3894
-0.161914, 0.0216368, 0.527409, 0.282181, 0.0451551, 0.695397, -0.182311, -0.00116406, -8.74741,-38.9764
-0.157096, 0.022102, 0.534084, 0.35491, 0.0439534, 0.621749, -0.179132, -0.00106762, -12.8338,-41.8921
-0.149148, 0.0227506, 0.539934, 0.423422, 0.0839084, 0.539141, -0.175205, -0.00102762, 12.3692,-71.5734
-0.142712, 0.0232144, 0.54597, 0.390657, 0.0359278, 0.642015, -0.17114, -0.000894842, -39.444,-38.4483
-0.137972, 0.0236936, 0.551954, 0.481549, 0.0506235, 0.544346, -0.166746, -0.000795826, -48.2866,-52.9559
-0.13152, 0.0243056, 0.556866, 0.569104, 0.0662807, 0.447465, -0.161457, -0.000658433, -48.2999,-69.7353
-0.122644, 0.0251161, 0.560801, 0.663773, 0.0851898, 0.344885, -0.155302, -0.000509724, -54.5428,-91.2877
-0.111895, 0.0260956, 0.563756, 0.743211, 0.0998887, 0.250879, -0.148282, -0.000322237, -35.9363,-111.196
-0.101662, 0.0271344, 0.565652, 0.836865, 0.109331, 0.144538, -0.140331, -7.92246e-05, -30.4275,-129.997
-0.0896254, 0.0284281, 0.566623, 0.908416, 0.146873, 0.0585645, -0.131531, 0.000150221, -0.224834,-167.027
-0.0763349, 0.0293755, 0.567203, 0.930688, 0.0646069, 0.0631858, -0.122238, 0.000436096, -18.5636,-123.56
-0.0626736, 0.0300111, 0.567272, 1.0273, 0.074589, -0.0427653, -0.112355, 0.000743411, -19.7253,-140.663
-0.0488809, 0.0307363, 0.566406, 1.12409, 0.0716081, -0.136149, -0.101595, 0.00110793, -45.175,-150.924
-0.0338543, 0.0316409, 0.564547, 1.1966, 0.111555, -0.231124, -0.0899649, 0.00150112, 4.51363,-188.164
-0.0208862, 0.0321625, 0.562508, 1.20822, 0.0524533, -0.195944, -0.0779291, 0.00191715, -38.5741,-156.075
-0.00543608, 0.0323778, 0.560211, 1.29259, 0.0135823, -0.281815, -0.0654844, 0.00237361, -48.0058,-139.671
0.0109773, 0.0327866, 0.556924, 1.37121, 0.0484054, -0.376794, -0.0521575, 0.0028294, -14.3973,-171.141
0.0290922, 0.0331346, 0.552882, 1.43393, 0.0401563, -0.433225, -0.0381046, 0.0033729, -14.8638,-174.309
0.0503422, 0.0333052, 0.548233, 1.50921, -0.0038467, -0.502482, -0.0234537, 0.0039875, -29.6977,-155.04
0.0714095, 0.0335274, 0.542709, 1.60287, 0.0136854, -0.603133, -0.00798883, 0.00455469, -27.0286,-176.173
0.095049, 0.033924, 0.53622, 1.67324, 0.0355532, -0.695521, 0.00832075, 0.00520371, 30.3172,-200.418
0.106228, 0.0342219, 0.530199, 1.59501, 0.0320524, -0.507398, 0.0247262, 0.00580693, -49.2508,-196.064
0.129037, 0.0345936, 0.524795, 1.64266, 0.0370109, -0.582813, 0.0408828, 0.00643426, 31.8696,-207.82
0.138065, 0.034919, 0.51979, 1.57436, 0.0280103, -0.40298, 0.0571795, 0.00712814, -65.4026,-200.424
0.157743, 0.0351519, 0.515428, 1.64726, 0.0416695, -0.495228, 0.0732415, 0.00774486, -32.3444,-217.38
0.180215, 0.0355017, 0.509961, 1.73775, 0.0447232, -0.592817, 0.0901966, 0.0084538, -37.4833,-229.997
0.208233, 0.0361778, 0.503473, 1.83475, 0.0575532, -0.704914, 0.107963, 0.00918087, -30.6397,-252.05
0.234539, 0.0369702, 0.495805, 1.90541, 0.0922699, -0.80454, 0.126714, 0.00996895, 40.242,-287.301
0.247666, 0.0376703, 0.488667, 1.82801, 0.0391437, -0.603521, 0.145514, 0.0107896, -73.5461,-256.29
0.275341, 0.0388909, 0.482416, 1.86844, 0.155943, -0.676054, 0.163917, 0.0114237, 24.5383,-341.711
0.303623, 0.0397623, 0.476353, 1.85545, 0.00533395, -0.569435, 0.182377, 0.0122693, -93.0947,-257.209
0.326889, 0.0400256, 0.47014, 1.92434, 0.0524259, -0.667551, 0.201209, 0.0130786, -54.1356,-295.286
0.358739, 0.0407174, 0.462925, 2.03791, 0.036595, -0.792128, 0.220797, 0.0139482, -71.4436,-300.433
0.383516, 0.0412536, 0.454282, 2.11378, 0.0652826, -0.904169, 0.241539, 0.0148496, -19.5821,-330.581
0.407594, 0.0416367, 0.444896, 2.16964, 0.0260694, -0.956846, 0.262976, 0.015883, -20.0162,-317.166
0.430919, 0.0416233, 0.435053, 2.22097, -0.0339434, -1.00021, 0.284935, 0.0168333, -26.7201,-288.145
0.460524, 0.0413278, 0.424646, 2.29387, -0.0712641, -1.08116, 0.307391, 0.0179115, -21.0609,-272.405
0.490209, 0.0407435, 0.413378, 2.35623, -0.0671605, -1.15395, 0.330562, 0.0189965, 4.17002,-278.836
0.516675, 0.0397194, 0.402004, 2.37034, -0.168406, -1.12788, 0.354028, 0.0200679, -27.3372,-216.171
0.544719, 0.0380334, 0.390215, 2.42175, -0.17209, -1.21952, 0.377924, 0.0210579, 72.4506,-213.392
0.560657, 0.0361858, 0.378966, 2.33379, -0.0588069, -1.00738, 0.401797, 0.0220657, -23.5429,-257.259
0.591886, 0.0348728, 0.368847, 2.34254, -0.118687, -1.05644, 0.425059, 0.0230002, 110.574,-223.871
0.603018, 0.0329385, 0.359109, 2.29037, -0.309316, -0.873845, 0.448449, 0.0239253, -44.3806,-95.8712
0.629123, 0.0312155, 0.350148, 2.31777, -0.1033, -0.949899, 0.471418, 0.0247985, 80.9672,-208.203
0.647939, 0.0298551, 0.341669, 2.25877, -0.144781, -0.770787, 0.494319, 0.0256401, -44.5046,-168.921
0.674781, 0.0290306, 0.333696, 2.28657, -0.0708477, -0.840165, 0.517003, 0.0264128, 53.8862,-211.834
0.686332, 0.0282402, 0.325938, 2.25831, 0.0100794, -0.696682, 0.53983, 0.0272195, -66.2,-245.27
0.714505, 0.0276585, 0.318982, 2.27208, -0.0242806, -0.752325, 0.562201, 0.0279267, 11.021,-228.49
0.735723, 0.026546, 0.311693, 2.27243, -0.132706, -0.696313, 0.584965, 0.0288482, -48.6215,-161.495
0.76087, 0.0251997, 0.304064, 2.33607, -0.142273, -0.809587, 0.608019, 0.0295331, 10.2555,-154.828
0.782216, 0.023629, 0.296208, 2.3344, -0.15573, -0.749084, 0.631399, 0.03015, -45.5827,-135.197
0.813605, 0.0219095, 0.288264, 2.42345, -0.185123, -0.878028, 0.654887, 0.0307557, -27.0268,-114.048
0.846506, 0.020467, 0.278732, 2.52915, -0.174658, -1.02555, 0.679431, 0.0313355, -13.3899,-116.437
0.876869, 0.0189145, 0.267849, 2.56276, -0.140666, -1.09583, 0.704935, 0.031899, 61.4687,-130.367
0.892674, 0.0172248, 0.257519, 2.51405, -0.168568, -0.941333, 0.730387, 0.0324075, -31.4351,-99.3892
0.920217, 0.0152695, 0.247802, 2.52005, -0.152106, -1.00346, 0.75551, 0.0329276, 90.6679,-102.099
0.936936, 0.0138859, 0.238359, 2.49033, -0.170881, -0.867465, 0.780679, 0.0333976, -30.2361,-77.7771
0.966173, 0.0127721, 0.229517, 2.48946, -0.0750835, -0.924231, 0.80551, 0.0338807, 102.784,-125.766
0.987008, 0.0121016, 0.220953, 2.47189, -0.0564709, -0.798626, 0.83034, 0.034265, -33.6001,-125.638
1.01253, 0.0114442, 0.212689, 2.48007, -0.00695399, -0.86539, 0.85506, 0.0346567, 78.5134,-151.359
1.02669, 0.011616, 0.204643, 2.42897, -0.140184, -0.713074, 0.879849, 0.0350336, -22.5155,-82.1745
1.05087, 0.0114343, 0.197049, 2.47516, 0.0725404, -0.81066, 0.904359, 0.0355111, 45.6089,-190.992
1.06939, 0.0123358, 0.18988, 2.38181, 0.128776, -0.613029, 0.928762, 0.0358756, -15.58,-221.198
1.09828, 0.0134854, 0.183686, 2.38509, 0.0926112, -0.644197, 0.952585, 0.0362681, 44.1687,-214.15
1.11378, 0.014487, 0.177964, 2.34886, 0.141401, -0.504093, 0.976299, 0.0366312, -52.6357,-241.609
1.14115, 0.0150043, 0.17267, 2.36597, 0.0654599, -0.581688, 0.999722, 0.0370567, 24.5059,-211.726
1.16137, 0.0157464, 0.167198, 2.33815, 0.0102086, -0.484093, 1.02338, 0.0374542, -36.9468,-187.85
1.18941, 0.0163557, 0.161674, 2.38817, 0.0894304, -0.595962, 1.04706, 0.037921, 26.6818,-234.396
1.21108, 0.0173623, 0.156017, 2.37229, 0.0977102, -0.509532, 1.07093, 0.0384186, -40.528,-243.277
1.23818, 0.0184368, 0.150267, 2.41826, 0.129542, -0.618667, 1.09489, 0.038875, 22.0705,-269.315
1.26007, 0.0193843, 0.14422, 2.41564, 0.090463, -0.560901, 1.11912, 0.0394417, -33.3494,-255.679
1.29121, 0.0191161, 0.138201, 2.45083, -0.0395072, -0.648229, 1.14332, 0.0400071, 16.1759,-195.101
1.31624, 0.0189139, 0.131936, 2.41829, -0.110137, -0.566407, 1.16776, 0.0405012, -14.9061,-158.986
1.34452, 0.0179931, 0.125762, 2.47642, -0.128819, -0.658625, 1.19218, 0.040981, -0.90024,-145.909
1.37258, 0.0168012, 0.119058, 2.46658, -0.173498, -0.649676, 1.21696, 0.0414368, 15.429,-118.08
1.39425, 0.0147926, 0.112934, 2.44419, -0.210942, -0.566082, 1.2415, 0.0419447, -35.4914,-85.0586
1.42794, 0.0119293, 0.106823, 2.45787, -0.27272, -0.651844, 1.26597, 0.0424538, 49.7287,-42.2274
1.44894, 0.0091312, 0.1007, 2.42461, -0.238161, -0.520696, 1.29059, 0.0427543, -43.6059,-35.1958
1.47517, 0.00726063, 0.0947678, 2.48547, -0.183268, -0.650533, 1.31511, 0.0429977, 2.61939,-50.7725
1.50254, 0.00562519, 0.0880626, 2.50602, -0.167467, -0.658302, 1.34011, 0.0432317, -17.9016,-46.54
1.535, 0.00432406, 0.0807078, 2.56558, -0.0815023, -0.774877, 1.36548, 0.0434046, 18.223,-78.4487
1.55284, 0.00315124, 0.0730668, 2.52337, -0.131625, -0.668087, 1.39118, 0.0435182, -23.092,-45.7248
1.58881, 0.00179702, 0.0657678, 2.59075, -0.106481, -0.80558, 1.41656, 0.0436738, 20.071,-48.8885
1.60359, 0.000866522, 0.0579384, 2.57716, -0.0458562, -0.716291, 1.44246, 0.0437327, -44.8243,-68.1038
1.63872, -0.00121965, 0.0505478, 2.58964, -0.260226, -0.809195, 1.46795, 0.0438612, 33.6132,41.3388
1.66224, -0.00276393, 0.0431111, 2.54322, -0.130937, -0.673026, 1.49358, 0.0438023, -32.2493,-3.58121
1.6865, -0.00366475, 0.0355881, 2.59214, -0.0582291, -0.799813, 1.51928, 0.0438357, 26.2145,-29.7701
1.70268, -0.00390283, 0.0281242, 2.52429, -0.152141, -0.653213, 1.54502, 0.0437547, -16.1188,15.7927
1.72998, -0.00436805, 0.0211812, 2.56165, 0.0310521, -0.743821, 1.57038, 0.0437019, 22.256,-61.5278
1.74517, -0.00386526, 0.0141923, 2.53587, 0.0771835, -0.644272, 1.59587, 0.0436824, -35.6211,-83.2825
1.78129, -0.00340693, 0.00762355, 2.52408, 0.0671265, -0.714263, 1.62093, 0.0437286, 55.6874,-80.839
1.80236, -0.00292146, 0.00078584, 2.52251, 0.0711471, -0.629937, 1.64626, 0.0436744, -24.7536,-83.0033
1.8233, -0.00161375, -0.00613099, 2.55003, 0.207298, -0.732568, 1.67164, 0.0436679, 39.939,-149.159
1.84216, 0.000727744, -0.0127764, 2.50314, 0.263564, -0.601939, 1.69687, 0.0437225, -16.1232,-186.856
1.87339, 0.00348765, -0.0186724, 2.47591, 0.301014, -0.621872, 1.72154, 0.0438147, 47.4251,-219.68
1.88918, 0.00584654, -0.0244367, 2.41268, 0.141451, -0.487628, 1.74623, 0.0439835, 12.1874,-164.024
1.89862, 0.00846387, -0.0288213, 2.3784, 0.319973, -0.407771, 1.77014, 0.0441908, -14.6418,-258.284
1.92618, 0.0102002, -0.0326144, 2.33164, 0.176822, -0.397263, 1.79352, 0.0444545, 42.633,-206.427
1.93658, 0.0106607, -0.0362498, 2.28211, 0.0708216, -0.269426, 1.81689, 0.0447557, -12.1204,-162.934
1.95998, 0.0109793, -0.0391053, 2.30117, -0.0145138, -0.330403, 1.83965, 0.045057, 16.0901,-126.829
1.97391, 0.0107117, -0.0420706, 2.2369, -0.175293, -0.225225, 1.86252, 0.0452846, 2.51666,-55.4626
1.99217, 0.00942258, -0.0441787, 2.21976, -0.112933, -0.194349, 1.8848, 0.0455944, -10.2739,-74.3622
2.01654, 0.00800792, -0.0466063, 2.25948, -0.169031, -0.273862, 1.90716, 0.0458323, 1.89619,-39.603
2.0377, 0.00628929, -0.0495517, 2.26165, -0.17391, -0.27491, 1.92982, 0.0459975, -8.34533,-25.5338
2.06227, 0.00473022, -0.0527743, 2.29037, -0.151774, -0.334201, 1.95258, 0.0461718, 0.351486,-23.6224
2.08392, 0.00335065, -0.0564737, 2.30406, -0.126248, -0.352779, 1.97561, 0.0462965, -8.95254,-24.2688
2.10809, 0.0021106, -0.0605864, 2.34061, -0.104045, -0.424467, 1.99882, 0.0463584, 1.3447,-23.5057
2.13105, 0.00114978, -0.0650724, 2.34258, -0.0946642, -0.426113, 2.02224, 0.0464306, -6.3709,-19.5384
2.15453, 0.000194197, -0.069851, 2.36794, -0.0976892, -0.480388, 2.04578, 0.0464801, 4.15641,-9.37984
2.17516, -0.000683464, -0.0747905, 2.34941, -0.0750582, -0.455323, 2.06941, 0.0465264, 0.815921,-11.7994
2.19647, -0.00133101, -0.0794977, 2.34187, -0.0550561, -0.449297, 2.09286, 0.0465101, -0.164126,-14.1894
2.2178, -0.00184376, -0.0841956, 2.33831, -0.0560665, -0.461659, 2.11626, 0.0465174, 11.1258,-8.30241
2.23383, -0.00199489, -0.0884879, 2.27589, -0.0115826, -0.367501, 2.13943, 0.0465052, 4.53378,-25.9057
2.25308, -0.0020521, -0.09196, 2.24747, 0.0011586, -0.329519, 2.16206, 0.0464772, 1.82339,-29.9119
2.27271, -0.00199269, -0.095157, 2.23382, 0.0180122, -0.316485, 2.18447, 0.0464958, 1.56744,-36.146
2.29135, -0.0015564, -0.0982579, 2.21982, 0.024534, -0.30863, 2.20677, 0.0464826, 7.17888,-40.2305
2.30888, -0.000989094, -0.100987, 2.17986, 0.0274651, -0.253207, 2.22881, 0.0464751, 3.92179,-44.6398
2.32566, -0.00042472, -0.103261, 2.15921, 0.0916763, -0.219711, 2.25053, 0.0465599, -7.20385,-75.2267
2.34728, 0.000319222, -0.10568, 2.18451, 0.06487, -0.280387, 2.27221, 0.0465858, 7.35877,-65.851
2.36421, 0.0011024, -0.108237, 2.15421, 0.0530015, -0.22699, 2.29395, 0.0466331, -8.76975,-65.1982
2.38581, 0.00159724, -0.110837, 2.183, 0.0389908, -0.295263, 2.3156, 0.0467307, 8.02559,-59.556
2.40387, 0.00204044, -0.113554, 2.15879, 0.0544722, -0.246944, 2.33729, 0.0467986, -13.8896,-68.307
2.42813, 0.00259096, -0.116494, 2.18309, 0.0886797, -0.327855, 2.35899, 0.0468988, 22.352,-83.4114
2.43999, 0.00349181, -0.119508, 2.16149, 0.136693, -0.244464, 2.38076, 0.0469924, -46.5019,-109.163
2.46443, 0.0044844, -0.122575, 2.17799, 0.128416, -0.355593, 2.40239, 0.0470701, 38.8715,-108.396
2.48207, 0.00629731, -0.1258, 2.15311, 0.217116, -0.263193, 2.4241, 0.0472479, -25.3374,-157.527
2.50162, 0.00826229, -0.129062, 2.16929, 0.192862, -0.356773, 2.44574, 0.0473877, 40.6485,-155.868
2.5207, 0.0101805, -0.132021, 2.10803, 0.233831, -0.22761, 2.46714, 0.0476743, -2.15818,-186.637
2.53509, 0.0121625, -0.134367, 2.0964, 0.0287481, -0.244475, 2.48815, 0.0479029, 26.9706,-109.459
2.54239, 0.0121867, -0.136085, 2.03453, -0.0115183, -0.112202, 2.50874, 0.0482178, -31.7195,-94.2947
2.56678, 0.0132464, -0.137687, 2.09374, 0.167906, -0.272877, 2.52906, 0.0484584, 36.6023,-173.636
2.57956, 0.0147868, -0.139649, 2.00801, 0.10256, -0.119385, 2.54961, 0.0487411, 4.98371,-157.798
2.59014, 0.0155802, -0.140551, 1.9667, 0.0876872, -0.0694493, 2.56947, 0.0491183, 6.99111,-157.375
2.59665, 0.016305, -0.141078, 1.93612, -0.00925077, -0.0251098, 2.58907, 0.0493632, -3.36286,-121.063
2.61222, 0.0154252, -0.141266, 1.92461, -0.114904, -0.0309382, 2.60829, 0.0495852, 6.51536,-70.0505
2.62775, 0.0138117, -0.141345, 1.89169, -0.157757, 0.0146133, 2.62734, 0.0499135, -6.02182,-42.806
2.64613, 0.0122518, -0.1414, 1.8944, -0.149413, -0.0161968, 2.64629, 0.0501904, 5.29856,-36.0345
2.66121, 0.0104603, -0.141626, 1.88256, -0.189155, 0.00132083, 2.66526, 0.0504238, -11.6539,-7.99736
2.68186, 0.00872556, -0.142074, 1.91079, -0.164645, -0.0730053, 2.68424, 0.0506828, 5.00257,-5.74176
2.69979, 0.00715139, -0.14291, 1.91153, -0.132784, -0.0640884, 2.70339, 0.0508041, -24.2387,-8.93092
2.72573, 0.00623203, -0.14456, 1.99844, -0.102959, -0.241226, 2.72287, 0.0510183, 11.6981,-10.7939
2.74207, 0.00525797, -0.146996, 1.96137, -0.085107, -0.179526, 2.7428, 0.0511385, -8.80221,-12.1875
2.76216, 0.00472048, -0.149272, 1.98751, -0.0437516, -0.241832, 2.76254, 0.0512842, 2.42118,-23.5751
2.78065, 0.00453174, -0.151866, 1.98021, -0.0128755, -0.238815, 2.7824, 0.0514097, -2.4541,-33.9865
2.79916, 0.00453563, -0.154474, 1.98361, -0.0108908, -0.266263, 2.80221, 0.0515591, 9.49615,-32.5424
2.81272, 0.0046062, -0.156849, 1.94722, 0.00898673, -0.201279, 2.82184, 0.0516805, -17.455,-41.3868
2.83603, 0.00443683, -0.159452, 1.99138, -0.0814984, -0.324049, 2.84144, 0.0518568, 32.1829,2.81046
2.84939, 0.00432604, -0.162068, 1.93206, -0.00821537, -0.203205, 2.86104, 0.0519128, -17.142,-28.6509
2.86473, 0.00457825, -0.164634, 1.98158, 0.0668611, -0.324353, 2.88052, 0.0521023, 23.4551,-57.764
2.87287, 0.00547952, -0.167183, 1.89596, 0.0280406, -0.184351, 2.89996, 0.0522084, -0.983526,-48.5453
2.88669, 0.00657236, -0.168767, 1.86594, 0.133008, -0.161818, 2.9187, 0.0523663, 11.4928,-100.336
2.89897, 0.00772363, -0.169909, 1.81909, 0.130036, -0.0843181, 2.93709, 0.0525337, -10.5476,-107.396
2.91911, 0.0083877, -0.170935, 1.83963, 0.0475339, -0.156263, 2.95524, 0.052765, 22.7555,-73.6955
2.92762, 0.00923737, -0.171877, 1.76353, 0.0654269, -0.0278101, 2.97333, 0.0528754, -6.32749,-89.4292
2.94338, 0.00979482, -0.172143, 1.75543, 0.0798684, -0.0452206, 2.99087, 0.0530876, 12.2412,-98.6256
2.95367, 0.0101414, -0.172317, 1.71444, 0.0389201, 0.0249667, 3.00828, 0.0532864, -13.3275,-84.8419
2.97215, 0.0100762, -0.172436, 1.72893, 0.00818639, -0.0455412, 3.02549, 0.0534767, 24.3988,-69.4897
2.98427, 0.010305, -0.172343, 1.6755, 0.0845647, 0.0705258, 3.04253, 0.0536674, -36.5547,-106.446
3.00561, 0.0106691, -0.172468, 1.76141, -0.00814491, -0.119201, 3.05951, 0.053873, 21.9867,-63.7531
3.01531, 0.0113979, -0.173075, 1.69241, 0.167118, 0.0138605, 3.07678, 0.0540488, -32.8777,-146.431
3.04025, 0.0126714, -0.173656, 1.76591, 0.043122, -0.155885, 3.0938, 0.054294, 26.8931,-96.3167
3.05044, 0.0140802, -0.17472, 1.67335, 0.099407, -0.0133077, 3.11114, 0.0545202, 11.7677,-132.774
3.05928, 0.0152802, -0.174372, 1.59855, 0.0181747, 0.0937022, 3.12757, 0.0547954, 5.44612,-108.856
3.07223, 0.015631, -0.173198, 1.56941, 0.0295629, 0.132696, 3.14338, 0.0550184, -6.02271,-117.754
3.08965, 0.0154246, -0.172031, 1.58401, -0.055742, 0.0832773, 3.15904, 0.0553208, 7.67746,-79.3546
3.09848, 0.0148657, -0.171027, 1.5366, -0.140622, 0.142633, 3.17477, 0.0555483, 3.98981,-41.9339
3.11116, 0.0135245, -0.169403, 1.51308, -0.146898, 0.170948, 3.19001, 0.0557701, -8.27581,-32.7554
3.12671, 0.0122317, -0.167983, 1.5426, -0.130341, 0.100742, 3.20525, 0.0559856, -0.0164948,-30.7641
3.14086, 0.0111346, -0.167024, 1.53766, -0.106309, 0.0987782, 3.22066, 0.0561761, -9.04064,-34.7658
3.15693, 0.0101121, -0.166502, 1.57491, -0.0984467, 0.0201281, 3.23623, 0.0563562, -2.78589,-29.8753
3.17251, 0.00928985, -0.166559, 1.59019, -0.0827402, -0.0184175, 3.25206, 0.0565304, -3.41162,-30.359
3.1878, 0.00861305, -0.166928, 1.59691, -0.0539425, -0.0410671, 3.268, 0.0567152, -7.0981,-37.6101
3.20391, 0.00799496, -0.167838, 1.62359, -0.0451805, -0.105649, 3.28414, 0.056853, 3.99245,-35.1706
3.21783, 0.00743731, -0.168917, 1.60793, -0.0417003, -0.0902061, 3.30032, 0.0569984, -3.25048,-32.9124
3.23324, 0.00694087, -0.169964, 1.60825, -0.0356504, -0.112114, 3.31638, 0.0571157, 5.09432,-31.2199
3.24619, 0.00655792, -0.170976, 1.58722, -0.0116363, -0.082791, 3.33236, 0.0572326, -9.40108,-39.1755
3.26246, 0.00620923, -0.172209, 1.61754, -0.0279807, -0.160178, 3.34834, 0.0573523, 11.9096,-27.0882
3.27275, 0.00616893, -0.173409, 1.57098, 0.0532266, -0.0765332, 3.36426, 0.0574809, -23.9092,-62.7998
3.29374, 0.00634484, -0.174971, 1.62718, 0.0705073, -0.224474, 3.38021, 0.0575842, 35.1028,-66.841
3.30398, 0.00650424, -0.176783, 1.56, 0.0497927, -0.0996015, 3.39629, 0.0576868, -4.9642,-60.7325
3.31879, 0.00704881, -0.177857, 1.56361, 0.0211881, -0.138411, 3.41182, 0.0578029, 20.862,-50.583
3.32826, 0.00735693, -0.178382, 1.47256, 0.0199515, 0.0119746, 3.42696, 0.057903, -9.8835,-55.912
3.34362, 0.00790791, -0.178488, 1.49084, 0.0685845, -0.0474056, 3.44171, 0.0580111, 11.6757,-78.6085
3.35583, 0.00837304, -0.178571, 1.42984, 0.0109731, 0.0332719, 3.45636, 0.0581489, 10.1723,-59.3471
3.36705, 0.00856296, -0.1777, 1.37435, 0.039876, 0.119971, 3.47036, 0.0582746, -10.3902,-75.9795
3.38219, 0.00877347, -0.176876, 1.40372, 0.0306946, 0.0459143, 3.48424, 0.0584016, 7.33927,-71.8787
3.39418, 0.00867638, -0.176271, 1.37983, 0.00873177, 0.0839658, 3.49818, 0.0585399, -12.5932,-63.2252
3.40842, 0.00836785, -0.175988, 1.42971, -0.032696, -0.0279181, 3.51219, 0.0586573, 13.6433,-40.7238
3.41588, 0.00761302, -0.175769, 1.37364, -0.123907, 0.0691406, 3.52619, 0.0587976, -19.3343,0.227312
3.43693, 0.00686287, -0.17559, 1.41158, -0.125771, -0.0490795, 3.54, 0.0588963, 31.3422,7.96341
3.4431, 0.00632017, -0.175703, 1.37144, -0.0365535, 0.0566927, 3.55402, 0.0589938, -43.6282,-28.6435
3.45843, 0.00686723, -0.175993, 1.44743, 0.0759289, -0.116303, 3.56798, 0.0590915, 16.5733,-75.7866
3.46762, 0.00776031, -0.176751, 1.38871, 0.149118, -0.0141906, 3.58216, 0.0592146, -16.28,-114.898
3.48357, 0.00856139, -0.177495, 1.41578, 0.105373, -0.110914, 3.59618, 0.0593155, 35.1799,-98.6098
3.49371, 0.00930981, -0.178072, 1.3587, 0.128569, 0.00412712, 3.61006, 0.059478, -12.1519,-115.718
3.50476, 0.00994045, -0.178399, 1.37085, 0.0371995, -0.0596914, 3.6237, 0.0595979, 28.6664,-79.0698
3.5138, 0.01017, -0.178321, 1.2857, 0.0709895, 0.0781605, 3.637, 0.05972, 3.58133,-99.1786
3.52435, 0.0102726, -0.177154, 1.23836, -0.0207424, 0.127898, 3.64957, 0.0598525, 13.0506,-63.2248
3.53103, 0.0102232, -0.175353, 1.18989, 0.0365993, 0.215465, 3.66168, 0.0599874, -23.7019,-90.9756
3.54571, 0.00956858, -0.173894, 1.27199, -0.0568623, 0.0457698, 3.67381, 0.0601182, 13.8813,-43.3515
3.55346, 0.00876694, -0.172866, 1.20981, -0.109694, 0.150874, 3.68616, 0.0602569, -17.8644,-19.4952
3.56879, 0.00832796, -0.171987, 1.27665, -0.0208913, 0.00742502, 3.69843, 0.0603548, 14.5725,-51.6731
3.57847, 0.00799121, -0.171311, 1.19912, -0.061989, 0.121945, 3.71077, 0.0604483, 1.9919,-36.0625
3.5872, 0.0076559, -0.169954, 1.17753, -0.0025087, 0.141368, 3.72264, 0.060564, -0.585281,-61.1433
3.59726, 0.0075099, -0.16856, 1.16817, -0.0265569, 0.136784, 3.73437, 0.0606377, 4.20098,-51.0018
3.60752, 0.00724489, -0.167004, 1.14313, -0.0222561, 0.170046, 3.74591, 0.0607371, -7.48272,-53.2624
3.61911, 0.00703035, -0.165661, 1.16753, -0.0071741, 0.108079, 3.75747, 0.060825, 4.15394,-57.7982
3.629, 0.00674967, -0.164499, 1.14528, -0.0427816, 0.133907, 3.76906, 0.0609077, -2.86582,-42.4929
3.63975, 0.00647448, -0.163319, 1.15313, -0.0307565, 0.103109, 3.78054, 0.060997, 2.05109,-46.1129
3.64939, 0.00627216, -0.162221, 1.13909, -0.0109561, 0.115428, 3.792, 0.0610684, -4.07609,-54.553
3.66002, 0.00607872, -0.161244, 1.14468, -0.0137875, 0.0865923, 3.80343, 0.0611403, 3.11184,-52.3055
3.67052, 0.00575773, -0.160317, 1.12683, -0.0391076, 0.104479, 3.81479, 0.0612054, -2.15819,-40.8148
3.68136, 0.00552592, -0.159381, 1.12661, -0.00772995, 0.0887669, 3.82607, 0.0612888, -0.0520097,-53.2651
3.69177, 0.00528975, -0.158599, 1.12614, -0.0249104, 0.0750411, 3.83734, 0.0613432, 0.95425,-44.861
3.70141, 0.00510613, -0.15782, 1.11662, -0.00869807, 0.0786468, 3.84854, 0.0614136, -2.30837,-51.5064
3.71102, 0.00494437, -0.157144, 1.11762, -0.0229134, 0.0598264, 3.85972, 0.0614689, 2.27475,-44.6961
3.72105, 0.00476881, -0.156472, 1.0996, -0.0173368, 0.0766098, 3.8708, 0.0615246, -0.940882,-47.1782
3.73155, 0.00471396, -0.15576, 1.09337, 0.0033187, 0.0699815, 3.88177, 0.0615862, 2.122,-56.3038
3.74133, 0.0046751, -0.155034, 1.07828, -0.0074112, 0.0830832, 3.89264, 0.0616371, -1.44121,-52.5747
3.75201, 0.00468856, -0.154298, 1.07507, 0.0155049, 0.0728924, 3.90342, 0.0616981, 0.754064,-62.9893
3.76192, 0.0046217, -0.153653, 1.0721, -0.002222, 0.0659387, 3.91416, 0.0617463, -0.662686,-55.5188
3.7714, 0.00452583, -0.153039, 1.06823, -0.0115172, 0.0560352, 3.92485, 0.0618067, 2.72542,-51.4797
3.78033, 0.00439882, -0.152353, 1.04629, -0.0122537, 0.0793055, 3.93542, 0.0618564, -0.53819,-51.7869
3.79017, 0.00425274, -0.151598, 1.03959, -0.0053328, 0.0749361, 3.94584, 0.061903, 1.19974,-54.59
3.79992, 0.00412515, -0.150836, 1.02685, -0.014544, 0.0806398, 3.95617, 0.0619464, 2.13046,-50.9037
3.80876, 0.00402929, -0.149968, 1.0097, -0.0166058, 0.0945602, 3.96637, 0.0619887, 1.29691,-50.7323
3.81687, 0.00399815, -0.148991, 0.996253, -0.0245963, 0.0987237, 3.97642, 0.062028, 5.03244,-48.2999
3.82441, 0.00394822, -0.147746, 0.963078, -0.0216221, 0.145661, 3.98624, 0.0620771, -5.55056,-51.5359
3.83387, 0.00388491, -0.146563, 0.983008, 0.0050317, 0.099968, 3.99599, 0.0621248, -2.76995,-62.3908
3.84316, 0.00376987, -0.14581, 0.994789, -0.0140513, 0.0668291, 4.00591, 0.0621639, 0.622347,-53.5359
3.85225, 0.00360933, -0.145168, 0.986169, -0.0130823, 0.0690209, 4.01582, 0.0622093, -1.03264,-53.8114
3.86115, 0.00343751, -0.144588, 0.982313, -0.0186626, 0.0571146, 4.02568, 0.0622281, 5.07431,-50.9352
3.86885, 0.00325007, -0.143838, 0.952529, -0.045981, 0.0924667, 4.03538, 0.0622647, 2.41633,-39.9536
3.87615, 0.00303915, -0.142787, 0.932393, -0.032133, 0.115747, 4.04483, 0.0623006, -3.66456,-46.1612
3.88514, 0.00281116, -0.14182, 0.943545, -0.0146312, 0.0841064, 4.05422, 0.0623371, -1.24648,-52.4241
3.89387, 0.00258295, -0.14111, 0.947431, -0.0215396, 0.0661897, 4.06369, 0.0623652, -1.30684,-48.4579
3.90318, 0.00241132, -0.140526, 0.943774, -0.00545607, 0.0563684, 4.07315, 0.0623817, 2.38473,-54.878
3.91212, 0.0022326, -0.139902, 0.928102, -0.0244162, 0.0703233, 4.08251, 0.0624206, 0.24375,-46.8834
3.91952, 0.0021378, -0.139241, 0.920211, -0.0289909, 0.0643603, 4.09178, 0.0624233, 6.92882,-45.1736
3.92607, 0.00197663, -0.138254, 0.886917, 0.0194034, 0.119252, 4.10079, 0.0624589, -11.9714,-67.0037
3.93499, 0.00185494, -0.137572, 0.932376, -0.0176585, 0.0232993, 4.10988, 0.0624762, 5.90384,-49.0776
3.9432, 0.0015813, -0.137144, 0.90041, -0.0385365, 0.0651175, 4.11904, 0.0624885, 0.571744,-40.2746
3.95018, 0.00137691, -0.136478, 0.895215, 0.000309688, 0.0666094, 4.128, 0.0624966, -5.73921,-56.3807
3.95993, 0.00115844, -0.136033, 0.914279, -0.0345862, 0.0163625, 4.13699, 0.0625298, 5.94101,-39.8239
3.96702, 0.000885428, -0.135626, 0.881968, -0.00665108, 0.0610659, 4.14595, 0.0625332, -2.30455,-51.8494
3.97535, 0.000604853, -0.135085, 0.884665, -0.0257024, 0.0402252, 4.15474, 0.0625621, 3.89977,-42.4216
3.98158, 0.000442656, -0.134522, 0.860431, -0.0125346, 0.0704095, 4.16346, 0.0625469, -1.46516,-48.5724
3.98997, 0.00025438, -0.133822, 0.851413, -0.00782087, 0.0687152, 4.17201, 0.0625582, 2.99189,-50.4137
3.99732, -3.06424e-05, -0.133099, 0.835872, -0.0326205, 0.0843168, 4.18047, 0.0625705, -0.571388,-39.3896
4.00393, -0.000170788, -0.132325, 0.831821, -0.0217703, 0.0765748, 4.18884, 0.0625567, 2.33483,-43.9798
4.01093, -0.00030485, -0.131473, 0.814268, -0.0173478, 0.0956931, 4.19708, 0.0625654, -1.77025,-46.4924
4.01855, -0.000391363, -0.130634, 0.815097, -0.00438563, 0.0790437, 4.20524, 0.0625464, 2.95973,-52.1607
4.02491, -0.000369853, -0.129766, 0.807585, 0.0198662, 0.0913902, 4.21334, 0.0625422, -12.3179,-63.2941
4.03715, -0.000331261, -0.129273, 0.856159, -0.0509576, -0.0110302, 4.22152, 0.0625735, 11.0847,-32.3724
4.04243, -0.000437755, -0.128952, 0.792198, -0.0152452, 0.0806548, 4.22979, 0.0625634, 4.83944,-49.955
4.04789, -0.000596335, -0.127901, 0.760235, -0.0350901, 0.124188, 4.23757, 0.0625616, -1.77908,-42.6702
4.05466, -0.00080408, -0.12674, 0.761192, -0.0166267, 0.109017, 4.24518, 0.0625382, 0.914999,-50.142
4.06199, -0.000995714, -0.12561, 0.756166, -0.0146283, 0.110507, 4.25274, 0.0625477, -4.46715,-50.954
4.07021, -0.00118756, -0.124671, 0.770791, -0.0382369, 0.0709486, 4.26033, 0.0625511, 3.15488,-39.9774
4.07635, -0.00141131, -0.123847, 0.750275, -0.0223714, 0.0941778, 4.26794, 0.0625222, -0.0851392,-46.9303
4.08335, -0.00162821, -0.12288, 0.744903, -0.0153374, 0.091359, 4.27539, 0.0625323, 0.166559,-49.6722
4.09012, -0.00180535, -0.121937, 0.732599, -0.0176209, 0.0975767, 4.28278, 0.0625133, 2.17937,-48.9297
4.09584, -0.00192872, -0.120926, 0.718701, -0.0248082, 0.111319, 4.29007, 0.0625023, -1.19857,-46.5305
4.10215, -0.00208588, -0.119907, 0.724391, -0.00354519, 0.0939386, 4.29728, 0.0624945, -3.17557,-55.3128
4.10955, -0.00224486, -0.119091, 0.732986, -0.0218276, 0.0649419, 4.30453, 0.0624822, 3.36251,-47.0228
4.11611, -0.00244354, -0.118282, 0.709042, -0.0160047, 0.0928234, 4.31173, 0.0624701, 1.293,-49.9947
4.12265, -0.00261337, -0.117284, 0.694094, -0.017467, 0.106532, 4.31874, 0.0624497, -0.157176,-49.7939
4.12779, -0.00265627, -0.116302, 0.700055, 0.0118918, 0.0934266, 4.32571, 0.0624184, -6.8909,-62.7084
4.13746, -0.00268921, -0.115567, 0.713807, -0.00293413, 0.0477899, 4.33272, 0.0624288, 9.71383,-56.4783
4.14316, -0.00290093, -0.114759, 0.665604, -0.0408587, 0.117157, 4.33965, 0.0623837, 3.10846,-41.615
4.14826, -0.00316478, -0.113405, 0.648518, -0.00148916, 0.141294, 4.3462, 0.0623921, -6.61016,-58.5119
4.1549, -0.00327734, -0.112248, 0.672675, -0.022105, 0.0863088, 4.35278, 0.062353, 2.75482,-49.1521
4.16109, -0.00350549, -0.111276, 0.654485, -0.0226809, 0.108493, 4.35942, 0.0623492, -2.16892,-49.0945
4.16737, -0.00366816, -0.11032, 0.656872, -0.0115402, 0.0899562, 4.36599, 0.0623159, 3.31458,-53.6742
4.17219, -0.00372493, -0.109346, 0.649598, 0.0160111, 0.10325, 4.37251, 0.0622929, -9.79304,-66.2454
4.18063, -0.00389478, -0.108656, 0.68722, -0.0386865, 0.02288, 4.3791, 0.0622731, 6.19204,-41.3594
4.18655, -0.0041776, -0.108166, 0.652631, -0.00904303, 0.0714828, 4.38576, 0.0622531, -0.0886722,-54.1905
4.19234, -0.00440198, -0.107422, 0.638352, -0.027925, 0.0783801, 4.39222, 0.0622151, 5.68417,-46.1048
4.19604, -0.00454945, -0.106462, 0.622981, 0.0137265, 0.109341, 4.3985, 0.062199, -15.1041,-63.9769
4.20468, -0.00493893, -0.105947, 0.677844, -0.0279634, -0.00829318, 4.40493, 0.0621563, 14.6625,-43.0874
4.20814, -0.00528057, -0.105477, 0.620508, 0.0178696, 0.096523, 4.41138, 0.0621377, -17.1341,-62.7951
4.2167, -0.00576928, -0.105137, 0.682397, -0.101692, -0.0332806, 4.4178, 0.0621028, 15.3449,-7.81806
4.22048, -0.00640911, -0.104895, 0.610982, -0.0035234, 0.0872583, 4.42426, 0.0620763, -9.04992,-48.76
4.22729, -0.00700198, -0.104382, 0.639833, -0.0501415, 0.0148067, 4.43047, 0.0619969, 12.5054,-25.0119
4.23054, -0.00767713, -0.103715, 0.577808, -0.0129846, 0.114495, 4.43657, 0.0619956, -4.33223,-39.6676
4.23526, -0.00803225, -0.102723, 0.589625, -0.0413204, 0.0800017, 4.44241, 0.0619151, 3.74961,-25.9694
4.24023, -0.00839297, -0.101737, 0.566255, -0.0256638, 0.113243, 4.44819, 0.0619036, -4.02157,-32.2037
4.24586, -0.00850093, -0.100811, 0.579498, 0.000620943, 0.0776227, 4.45393, 0.0618115, 3.12269,-43.2357
4.25157, -0.00849961, -0.0998962, 0.564158, 0.0117452, 0.0980549, 4.45962, 0.0618049, -3.07151,-49.4525
4.25619, -0.00834076, -0.099053, 0.568457, 0.0129035, 0.0753136, 4.46531, 0.0617282, 5.44706,-51.6862
4.26012, -0.00816915, -0.0981004, 0.537843, -0.00936501, 0.116777, 4.47089, 0.0616898, 1.96752,-45.227
4.26494, -0.00813703, -0.0968026, 0.523991, 0.00813296, 0.134643, 4.47619, 0.0616572, -4.05687,-54.4624
4.27087, -0.00803699, -0.0956365, 0.533105, 0.0178922, 0.105383, 4.4815, 0.0616035, 3.37015,-60.0213
4.27461, -0.00787867, -0.0945439, 0.531881, 0.0337576, 0.112992, 4.48682, 0.0615711, -11.6444,-68.7936
4.28193, -0.00803691, -0.093829, 0.572328, -0.0409241, 0.0250936, 4.49227, 0.0615134, 8.93574,-35.5567
4.28509, -0.00834709, -0.0933003, 0.530007, 0.00437821, 0.0919266, 4.4978, 0.0614889, -3.17365,-55.1136
4.28981, -0.00855085, -0.0925185, 0.539139, -0.0218299, 0.064127, 4.50313, 0.0614323, 3.20293,-43.2981
4.29462, -0.00884452, -0.0917197, 0.516247, -0.0299033, 0.0926897, 4.50839, 0.0613979, 0.811919,-39.7003
4.29915, -0.00908317, -0.0907748, 0.511483, -0.0105459, 0.0946177, 4.51352, 0.0613463, -2.52885,-47.612
4.30515, -0.00925769, -0.0898871, 0.508278, -0.0107277, 0.083554, 4.51861, 0.0613186, 5.66089,-47.5654
4.30707, -0.0093648, -0.0889551, 0.482136, -0.0437538, 0.12147, 4.52366, 0.0612557, -0.879072,-34.5744
4.31155, -0.00964078, -0.0877636, 0.482938, -0.0193334, 0.112917, 4.52848, 0.0612235, -2.15316,-44.3636
4.31689, -0.00977779, -0.0867166, 0.483661, -0.00432236, 0.100639, 4.53332, 0.0611674, 1.07889,-50.9578
4.3209, -0.00991968, -0.0857564, 0.47952, -0.0318911, 0.0998271, 4.53818, 0.0611232, 0.396578,-39.4263
4.32535, -0.0101625, -0.0847337, 0.475752, -0.0186431, 0.102018, 4.54295, 0.0610655, -4.48277,-44.6981
4.33039, -0.0103877, -0.0839319, 0.494364, -0.0259814, 0.0601659, 4.54779, 0.0610282, 1.97421,-40.5624
4.33489, -0.0106472, -0.0832421, 0.481055, -0.0263973, 0.0759409, 4.55266, 0.0609764, -1.53007,-40.049
4.33946, -0.0108927, -0.0825736, 0.484185, -0.0236117, 0.0610593, 4.55749, 0.060926, 1.24506,-40.5108
4.34391, -0.0111346, -0.0819215, 0.475633, -0.0242236, 0.0692732, 4.56228, 0.060876, -1.67132,-39.8599
4.34841, -0.0113358, -0.0813237, 0.480126, -0.0202961, 0.0524208, 4.56706, 0.0608205, 1.26368,-41.0089
4.35277, -0.0115209, -0.0807472, 0.470356, -0.0184307, 0.0620818, 4.57181, 0.0607721, -0.979484,-41.7706
4.35708, -0.0116537, -0.080193, 0.46936, -0.013614, 0.0530633, 4.57653, 0.0606947, 2.65654,-43.8634
4.36164, -0.0118361, -0.0795404, 0.453905, -0.0198507, 0.0739, 4.58113, 0.0606718, -2.23591,-41.3751
4.36598, -0.0119555, -0.0789223, 0.461063, -0.0104135, 0.0523047, 4.58571, 0.0605924, 1.74728,-45.3132
4.37031, -0.0120762, -0.0783175, 0.449215, -0.0136374, 0.0659344, 4.59026, 0.0605652, -1.04911,-44.3695
4.37446, -0.0121632, -0.0777226, 0.451616, -0.00751127, 0.0542207, 4.59476, 0.0604841, 0.272668,-47.2066
4.37871, -0.0122748, -0.077174, 0.445928, -0.0113527, 0.0558701, 4.59925, 0.0604533, 0.502014,-45.8618
4.38246, -0.0123321, -0.0766221, 0.440339, -0.00899809, 0.0572372, 4.60369, 0.0603872, 0.954483,-47.4854
4.38657, -0.0124132, -0.0760069, 0.430401, -0.00919158, 0.0656204, 4.60805, 0.0603248, 0.889205,-48.0279
4.39063, -0.0124876, -0.0753171, 0.423254, -0.0072877, 0.0710469, 4.61232, 0.0602925, -0.512782,-49.4588
4.39455, -0.012552, -0.0746434, 0.423532, -0.00614962, 0.0642054, 4.61655, 0.0602166, -0.712546,-50.3923
4.39878, -0.0126302, -0.0740348, 0.423124, -0.00736715, 0.0562027, 4.62077, 0.0601921, 1.5434,-50.2596
4.40267, -0.0127044, -0.0734029, 0.411742, -0.00689348, 0.0686882, 4.62494, 0.0601222, -0.352757,-51.1577
4.40647, -0.012795, -0.0727469, 0.410553, -0.0117048, 0.0632162, 4.62905, 0.0600846, 0.52247,-49.4374
4.41027, -0.0128693, -0.0720956, 0.403934, -0.00649385, 0.0665305, 4.63312, 0.060027, 0.785719,-52.2503
4.41398, -0.0129282, -0.0714036, 0.39892, -0.0028763, 0.070119, 4.63712, 0.0599617, -1.76944,-54.4212
4.41783, -0.0130062, -0.0707824, 0.405438, -0.000463451, 0.0513809, 4.64112, 0.0599279, 1.01981,-55.6516
4.4215, -0.0131512, -0.0701987, 0.394387, -0.0163487, 0.0614361, 4.6451, 0.0598705, 1.4598,-49.0923
4.4251, -0.0133041, -0.0695303, 0.384393, -0.0156909, 0.0711608, 4.64899, 0.059821, 0.423147,-49.5607
4.42868, -0.013456, -0.0687992, 0.378274, -0.0149869, 0.0743959, 4.6528, 0.0597716, 0.0531941,-49.9766
4.43218, -0.0135973, -0.0680657, 0.376006, -0.0142792, 0.0722843, 4.65657, 0.059721, -0.743349,-50.3459
4.4357, -0.0137318, -0.067398, 0.376926, -0.0139835, 0.0631569, 4.66034, 0.0596669, 0.924661,-50.4819
4.43915, -0.0138655, -0.0667268, 0.370023, -0.00897432, 0.0692313, 4.66406, 0.0596177, -0.981876,-52.8301
4.44265, -0.0140037, -0.0660889, 0.373657, -0.0119704, 0.0572147, 4.66777, 0.0595718, -0.448365,-51.4354
4.44611, -0.0141333, -0.0655408, 0.371304, -0.0142072, 0.0526521, 4.67149, 0.0595116, 1.90742,-50.5565
4.44953, -0.0142738, -0.0649276, 0.358489, -0.0138282, 0.068153, 4.67513, 0.0594675, -0.315987,-51.0064
4.45268, -0.0143607, -0.0642817, 0.359553, 0.00623941, 0.0619524, 4.67872, 0.0594065, -1.74846,-59.8601
4.45602, -0.0145303, -0.063741, 0.363256, -0.0192448, 0.0460691, 4.68232, 0.0593598, 3.13272,-48.6248
4.45925, -0.0147064, -0.063134, 0.344015, -0.0177857, 0.0723165, 4.68585, 0.0593206, -0.111161,-49.4714
4.46246, -0.0148346, -0.0624282, 0.34225, -0.00771823, 0.0691828, 4.68928, 0.0592538, -0.200211,-53.8926
4.46573, -0.0149525, -0.0617388, 0.339507, -0.0145645, 0.0666413, 4.69268, 0.05921, 0.81332,-51.1598
4.46888, -0.0150972, -0.0610423, 0.333107, -0.0145259, 0.0718291, 4.69604, 0.0591767, -0.543479,-51.2921
4.47182, -0.0151752, -0.0603657, 0.333222, -0.00715928, 0.0650644, 4.69938, 0.059106, 0.463675,-54.8062
4.47509, -0.0152596, -0.0596888, 0.327429, -0.0126808, 0.0678713, 4.70267, 0.059059, 0.877483,-52.9078
4.47813, -0.0153886, -0.0589749, 0.320122, -0.0130747, 0.0746855, 4.70591, 0.059032, -0.603795,-52.9731
4.48099, -0.0154538, -0.0582753, 0.320898, -0.00648644, 0.0669698, 4.70911, 0.0589593, 0.486965,-56.22
4.48409, -0.0155266, -0.0575845, 0.313213, -0.00915663, 0.0717139, 4.71229, 0.0589058, 1.97881,-55.6713
4.48706, -0.0156612, -0.0567926, 0.30229, -0.0153187, 0.0864238, 4.71537, 0.0588871, -1.99982,-53.3155
4.48979, -0.0157481, -0.056042, 0.310248, -0.00918992, 0.0665119, 4.71844, 0.0588192, 0.580159,-56.0807
4.49264, -0.015831, -0.0553609, 0.304852, -0.00924852, 0.0694658, 4.72152, 0.0587545, 0.436273,-56.4965
4.49571, -0.0159601, -0.0546462, 0.299943, -0.0152975, 0.0724691, 4.72454, 0.0587378, -0.549182,-54.0569
4.4984, -0.01606, -0.0539637, 0.301065, -0.00695474, 0.064947, 4.72754, 0.0586779, 0.0108924,-57.8155
4.5012, -0.0161834, -0.053317, 0.298517, -0.0126639, 0.0636002, 4.73053, 0.0586196, -0.00649451,-55.4625
4.50397, -0.0163266, -0.0526931, 0.296497, -0.0171819, 0.0613137, 4.73351, 0.0585842, 0.189419,-53.4807
4.50668, -0.0164712, -0.0520784, 0.29238, -0.0135152, 0.0620502, 4.73645, 0.0585388, 0.531221,-55.0522
4.50941, -0.016604, -0.0514386, 0.287341, -0.012989, 0.0652907, 4.73935, 0.0584844, -0.256991,-55.3607
4.51206, -0.0167296, -0.0508155, 0.28789, -0.0126079, 0.0598889, 4.74222, 0.0584286, -0.752298,-55.5058
4.51501, -0.016845, -0.0502468, 0.290727, -0.00379855, 0.0500516, 4.74509, 0.0583996, -0.121255,-59.2783
4.51751, -0.0170128, -0.0497289, 0.285805, -0.0198123, 0.0507758, 4.74796, 0.0583441, 1.82585,-52.2294
4.52012, -0.017206, -0.0491417, 0.274484, -0.018861, 0.0651323, 4.75076, 0.0582972, -0.56159,-52.4473
4.52259, -0.0173613, -0.0485386, 0.277858, -0.00547058, 0.0558237, 4.75352, 0.0582417, -1.34922,-57.9124
4.52524, -0.0175449, -0.0480355, 0.2803, -0.0200597, 0.0443726, 4.7563, 0.0581942, 1.83352,-51.1995
4.5278, -0.017739, -0.0475067, 0.268204, -0.0187703, 0.0596834, 4.75904, 0.0581528, -0.148827,-51.5454
4.53027, -0.0179162, -0.0469326, 0.268096, -0.0174883, 0.0555731, 4.76172, 0.0581099, -0.706232,-51.7358
4.53279, -0.0180361, -0.0464263, 0.270346, -0.00782735, 0.0469764, 4.76441, 0.0580424, -0.129924,-55.8074
4.53533, -0.0181633, -0.045964, 0.267824, -0.0135527, 0.0452538, 4.7671, 0.0580023, 0.932845,-53.3184
4.5378, -0.0183003, -0.0454741, 0.261019, -0.0137809, 0.0519774, 4.76974, 0.057962, -0.125215,-53.2158
4.54028, -0.0184257, -0.0449749, 0.260716, -0.00994476, 0.0479508, 4.77234, 0.0579202, -0.163246,-54.7931
4.54267, -0.0184959, -0.0445119, 0.259501, -0.00924589, 0.0446428, 4.77494, 0.057848, 0.651035,-55.3678
4.54509, -0.0185899, -0.044031, 0.253244, -0.0101682, 0.0502536, 4.7775, 0.0578118, 0.0805714,-55.2094
4.54743, -0.0186969, -0.0435345, 0.250428, -0.0109671, 0.0500427, 4.78002, 0.0577748, 0.177326,-54.9551
4.54973, -0.0188071, -0.043052, 0.248998, -0.00898298, 0.0482048, 4.78253, 0.0577273, -0.183884,-55.8283
4.55202, -0.0188612, -0.0425897, 0.249467, 0.000758422, 0.0438823, 4.78501, 0.0576556, -0.843795,-60.3255
4.55458, -0.0189645, -0.0421745, 0.250027, -0.0135343, 0.036544, 4.7875, 0.0576235, 1.65425,-54.1924
4.55686, -0.0191071, -0.0417365, 0.23965, -0.0148083, 0.0496646, 4.78994, 0.0575905, -0.126061,-53.6232
4.55909, -0.0192267, -0.0412591, 0.23866, -0.0102829, 0.0465849, 4.79233, 0.0575404, 0.246113,-55.5156
4.5613, -0.0192983, -0.0407902, 0.236021, -0.00493465, 0.0470207, 4.7947, 0.0574763, -0.358775,-58.0737
4.56367, -0.0193733, -0.0403348, 0.235392, -0.0114081, 0.0427076, 4.79705, 0.0574368, 0.944378,-55.4932
4.56583, -0.0194982, -0.0398687, 0.228746, -0.01362, 0.0496887, 4.79937, 0.0574079, -0.157018,-54.5453
4.568, -0.0196128, -0.0393897, 0.227683, -0.00859953, 0.0468559, 4.80165, 0.0573633, 0.216914,-56.6719
4.5701, -0.0196845, -0.0389188, 0.224961, -0.00679823, 0.0472305, 4.80391, 0.0573038, -0.0434249,-57.6932
4.57219, -0.0197472, -0.0384608, 0.222563, -0.00952259, 0.0453215, 4.80616, 0.0572485, 1.66744,-56.8303
4.57428, -0.019869, -0.0379283, 0.212713, -0.0134303, 0.05888, 4.80833, 0.0572261, -1.19817,-55.2239
4.57631, -0.0200042, -0.0374106, 0.218201, -0.00785857, 0.0456964, 4.81048, 0.0571962, -0.263817,-57.3272
4.57833, -0.020111, -0.0369643, 0.216821, -0.0101775, 0.0430419, 4.81265, 0.0571396, 0.66216,-56.3165
4.58029, -0.0201989, -0.0365124, 0.2122, -0.00828469, 0.0470159, 4.8148, 0.0570835, -0.209321,-57.2824
4.58231, -0.0202893, -0.036065, 0.212079, -0.0113502, 0.0430711, 4.81692, 0.0570426, 0.166723,-56.0105
4.58428, -0.0204196, -0.0356346, 0.209696, -0.0144734, 0.0429931, 4.81903, 0.0570184, 0.0613055,-54.5012
4.58614, -0.0205289, -0.035208, 0.2069, -0.0103124, 0.0429168, 4.82111, 0.0569738, 0.645184,-56.2742
4.58804, -0.0206258, -0.0347523, 0.201666, -0.00896176, 0.0476642, 4.82315, 0.0569229, 0.0462727,-56.9523
4.58992, -0.0207077, -0.0342859, 0.2007, -0.0075113, 0.0457929, 4.82516, 0.0568726, -0.320301,-57.678
4.5918, -0.0207923, -0.0338584, 0.201596, -0.0113649, 0.040492, 4.82717, 0.0568327, 0.056676,-56.0499
4.59368, -0.0209244, -0.0334593, 0.199931, -0.0147879, 0.0394036, 4.82918, 0.0568111, 0.0627072,-54.3517
4.59544, -0.0210266, -0.0330631, 0.196745, -0.0103931, 0.039925, 4.83116, 0.056764, 0.832315,-56.2479
4.59725, -0.0211266, -0.0326278, 0.19051, -0.0095846, 0.0464464, 4.83309, 0.0567169, 0.12888,-56.6617
4.59902, -0.0212179, -0.0321687, 0.189058, -0.00872425, 0.0454787, 4.83499, 0.0566706, -0.268092,-57.0601
4.60079, -0.0213013, -0.0317433, 0.189611, -0.00780786, 0.0411266, 4.83688, 0.0566258, -0.21768,-57.4789
4.60257, -0.0214338, -0.0313619, 0.190163, -0.0154234, 0.0365914, 4.83879, 0.0566039, 0.0830272,-53.8946
4.60424, -0.0215496, -0.0309935, 0.186904, -0.0115619, 0.0373904, 4.84067, 0.0565623, 0.837571,-55.4454
4.60596, -0.0216633, -0.0305811, 0.180362, -0.0110491, 0.044365, 4.8425, 0.0565185, 0.29802,-55.6232
4.60763, -0.0217695, -0.0301318, 0.177666, -0.0102449, 0.0454112, 4.84429, 0.0564757, -0.108435,-55.9047
4.60925, -0.0218631, -0.0296985, 0.178981, -0.00493337, 0.0408999, 4.84607, 0.0564315, -0.987171,-58.1122
4.61098, -0.0219729, -0.0293468, 0.182322, -0.0122402, 0.030782, 4.84788, 0.0563932, 0.960948,-54.7325
4.61269, -0.0220832, -0.0289934, 0.174952, -0.0123316, 0.0390736, 4.84967, 0.0563624, 0.532031,-54.6472
4.61429, -0.0222081, -0.0285757, 0.16971, -0.0126085, 0.0438892, 4.85139, 0.0563232, 0.32305,-54.3706
4.61582, -0.0223311, -0.0281265, 0.16635, -0.0127287, 0.0458373, 4.85306, 0.0562839, 0.140913,-54.1421
4.61737, -0.0224568, -0.0276716, 0.164832, -0.0123879, 0.0452289, 4.85472, 0.056247, -0.260127,-54.054
4.61895, -0.0225753, -0.0272468, 0.166321, -0.011563, 0.0400882, 4.85637, 0.0562112, -0.594374,-54.1438
4.62052, -0.0226833, -0.0268943, 0.169245, -0.00962007, 0.032388, 4.85806, 0.0561744, -0.398956,-54.7305
4.62207, -0.0227803, -0.0265962, 0.168995, -0.010628, 0.0284664, 4.85975, 0.0561317, 0.969893,-54.1647
4.62361, -0.0228887, -0.0262635, 0.161395, -0.0109683, 0.0372269, 4.8614, 0.0560952, 0.626777,-53.9463
4.62509, -0.0229979, -0.0258652, 0.15648, -0.0108471, 0.0419854, 4.86298, 0.0560601, 0.187937,-53.8872
4.62651, -0.0231014, -0.0254461, 0.15469, -0.0106005, 0.0419491, 4.86454, 0.0560245, -0.15326,-53.8603
4.62799, -0.0232032, -0.0250476, 0.155512, -0.00994817, 0.0380264, 4.86609, 0.0559922, -0.500692,-53.9562
4.62946, -0.0232991, -0.0247112, 0.158983, -0.00926518, 0.0300781, 4.86766, 0.0559576, -0.720122,-54.0232
4.63096, -0.0233375, -0.0244485, 0.160818, -0.00476609, 0.0230334, 4.86926, 0.0559085, 0.885572,-56.1269
4.63238, -0.0233924, -0.0241719, 0.153483, -0.00687066, 0.0314284, 4.87083, 0.0558729, 0.799891,-55.4229
4.63378, -0.0234692, -0.0238208, 0.14735, -0.00830918, 0.0381679, 4.87233, 0.0558407, 0.463361,-54.8677
4.63514, -0.0235566, -0.0234235, 0.143799, -0.0090752, 0.041043, 4.87378, 0.0558095, 0.0521178,-54.4984
4.63651, -0.0236479, -0.0230214, 0.142356, -0.0083724, 0.0404044, 4.87522, 0.0557802, -0.00256902,-54.7035
4.63781, -0.0237394, -0.0226435, 0.143525, -0.00971748, 0.0366118, 4.87665, 0.0557478, -0.822143,-53.9426
4.63918, -0.02381, -0.0223334, 0.147668, -0.00275238, 0.0270385, 4.87811, 0.0557069, -0.178756,-56.8485
4.64056, -0.0238242, -0.0220793, 0.147268, -0.00312417, 0.0243769, 4.87958, 0.0556612, 0.586466,-56.9884
4.6419, -0.0238688, -0.021805, 0.141784, -0.00571934, 0.0299243, 4.88103, 0.0556306, 0.74789,-56.0679
4.64318, -0.0239323, -0.0214695, 0.135942, -0.00792874, 0.0362978, 4.88241, 0.0556028, 0.53698,-55.2162
4.64443, -0.0240185, -0.0210861, 0.131916, -0.00916992, 0.0400588, 4.88375, 0.0555747, 0.129978,-54.6177
4.64566, -0.0241136, -0.0206896, 0.130794, -0.00976073, 0.039378, 4.88506, 0.0555471, -0.217859,-54.192
4.64689, -0.0242117, -0.0203213, 0.132256, -0.00983483, 0.0347931, 4.88638, 0.0555196, -0.512069,-53.9084
4.64817, -0.0242884, -0.0200126, 0.134698, -0.00346831, 0.028284, 4.88771, 0.0554856, -0.238544,-56.5143
4.6494, -0.0242918, -0.0197501, 0.1352, 0.000302676, 0.0247029, 4.88906, 0.0554373, 0.213515,-58.4655
4.65061, -0.024318, -0.0194929, 0.131869, -0.00568513, 0.0263934, 4.8904, 0.055401, 1.22702,-56.1192
4.65179, -0.0243827, -0.0191662, 0.123341, -0.00747804, 0.0376647, 4.89167, 0.0553749, 0.28496,-55.4376
4.65293, -0.0244666, -0.0187798, 0.120443, -0.0091059, 0.0395108, 4.89289, 0.05535, 0.25889,-54.6377
4.65405, -0.0245624, -0.0183798, 0.118319, -0.00995698, 0.0404675, 4.89408, 0.0553256, -0.0726988,-54.0803
4.65518, -0.0246626, -0.0179893, 0.117691, -0.00927549, 0.038825, 4.89526, 0.0553028, -0.0215871,-54.1317
4.65629, -0.0247652, -0.0176275, 0.119154, -0.0103243, 0.0349657, 4.89645, 0.0552778, -0.907384,-53.347
4.65743, -0.0248293, -0.0173334, 0.123422, -0.00225537, 0.025341, 4.89767, 0.0552406, -0.0500781,-56.7069
4.65854, -0.0248278, -0.0170904, 0.123036, 0.000284321, 0.0235234, 4.8989, 0.0551968, 0.156365,-58.1239
4.65969, -0.0248331, -0.0168563, 0.121348, -0.00280757, 0.0235681, 4.90012, 0.0551594, 0.505069,-57.0738
4.66083, -0.0248743, -0.0165932, 0.116659, -0.00545444, 0.028403, 4.90131, 0.0551366, 0.515989,-56.0497
4.66189, -0.0249416, -0.016287, 0.112404, -0.0077041, 0.0325601, 4.90245, 0.055113, 0.487751,-55.038
4.66292, -0.0250257, -0.0159435, 0.108901, -0.00897793, 0.0358941, 4.90355, 0.0550903, 0.0829369,-54.3332
4.66394, -0.0251188, -0.0155902, 0.108159, -0.0095597, 0.0349475, 4.90464, 0.0550681, -0.204335,-53.8246
4.66492, -0.0252128, -0.0152639, 0.109467, -0.00984668, 0.0308651, 4.90573, 0.0550446, -0.400467,-53.3882
4.66599, -0.0252969, -0.0149873, 0.111442, -0.00540931, 0.0254729, 4.90683, 0.0550184, -0.199814,-55.0379
4.66703, -0.0253177, -0.0147475, 0.111585, 0.000116614, 0.0228202, 4.90795, 0.0549804, 0.170116,-57.5695
4.66807, -0.0253175, -0.0145196, 0.110283, 1.80968e-05, 0.0228387, 4.90905, 0.0549426, 0.0942292,-57.7982
4.66915, -0.0253136, -0.0142941, 0.107458, -0.000317441, 0.0237859, 4.91015, 0.0549066, 1.49055,-57.9939
4.67012, -0.0253698, -0.0139949, 0.0993985, -0.00708818, 0.0358142, 4.91119, 0.0548852, -0.607545,-55.072
4.67106, -0.0254487, -0.0136698, 0.101255, -0.00853184, 0.0299058, 4.91219, 0.0548652, 0.392533,-54.2116
4.67199, -0.0255381, -0.0133566, 0.0982346, -0.0092578, 0.032567, 4.91319, 0.0548456, 0.122146,-53.6503
4.6729, -0.0256318, -0.0130333, 0.0971914, -0.00944928, 0.0322311, 4.91416, 0.0548263, -0.131528,-53.2592
4.67381, -0.0257252, -0.012729, 0.098032, -0.00925418, 0.0290498, 4.91514, 0.0548071, -0.343422,-52.994
4.67474, -0.0258085, -0.0124676, 0.0999643, -0.00641026, 0.0240258, 4.91613, 0.0547855, -0.276489,-53.9093
4.67568, -0.025839, -0.0122436, 0.100239, -0.000146286, 0.0211319, 4.91713, 0.054752, 0.304242,-56.6585
4.6766, -0.0258387, -0.0120231, 0.0978723, 4.11928e-05, 0.0228949, 4.91812, 0.054719, 0.253803,-56.9867
4.67751, -0.0258383, -0.0117905, 0.0962875, 3.00848e-05, 0.0236547, 4.91909, 0.0546866, 0.0203177,-57.2109
4.67841, -0.0258381, -0.011565, 0.0964722, 2.14939e-05, 0.0217485, 4.92005, 0.0546543, -0.19084,-57.3986
4.67931, -0.0258643, -0.0113576, 0.095961, -0.00497699, 0.0197103, 4.92101, 0.0546307, 0.856443,-55.2766
4.68013, -0.0259178, -0.0111193, 0.0898116, -0.00789613, 0.0271806, 4.92194, 0.0546108, 0.782636,-53.9713
4.68094, -0.0259929, -0.0108095, 0.084681, -0.00785512, 0.0338772, 4.92281, 0.0545943, -0.194363,-53.8043
4.68174, -0.0260752, -0.0104871, 0.0851607, -0.00853358, 0.0310077, 4.92366, 0.0545782, -0.0105558,-53.2068
4.68253, -0.0261614, -0.0101867, 0.0850993, -0.00868372, 0.0293477, 4.92451, 0.054562, -0.205867,-52.8045
4.68337, -0.0262457, -0.00991418, 0.0864743, -0.00821256, 0.0255616, 4.92537, 0.0545469, -0.398195,-52.6461
4.68418, -0.0263037, -0.009686, 0.0878272, -0.00263753, 0.0211707, 4.92624, 0.0545222, 0.172312,-54.8648
4.68499, -0.0263083, -0.00946843, 0.0858197, 0.00038215, 0.0223262, 4.92711, 0.0544935, 0.346208,-56.3449
4.68578, -0.0263058, -0.00923352, 0.0832979, 0.000187568, 0.0245548, 4.92795, 0.0544655, 0.21953,-56.4755
4.68655, -0.0263044, -0.00898517, 0.0818936, 0.000130701, 0.0251754, 4.92878, 0.0544381, 0.00892275,-56.6384
4.68728, -0.0262977, -0.0087424, 0.0818452, 0.00025797, 0.0236579, 4.9296, 0.0544101, -0.0733804,-56.888
4.68808, -0.0262953, -0.00852052, 0.082688, 0.000211798, 0.0209793, 4.93042, 0.0543851, -0.31809,-57.006
4.68883, -0.0263073, -0.00833571, 0.0837034, -0.00432839, 0.0167421, 4.93125, 0.0543605, 0.851383,-55.0845
4.68958, -0.0263611, -0.00812395, 0.0779288, -0.00644852, 0.0245595, 4.93206, 0.0543455, 0.0258726,-54.0349
4.69031, -0.0264338, -0.00788095, 0.0768854, -0.0079166, 0.0242049, 4.93283, 0.0543312, 0.251349,-53.1004
4.69101, -0.0265161, -0.00763247, 0.0750312, -0.00846255, 0.0254914, 4.93359, 0.0543172, 0.0263636,-52.51
4.69171, -0.0266007, -0.00738467, 0.0747915, -0.00844921, 0.0243178, 4.93434, 0.0543034, -0.160136,-52.1182
4.69242, -0.0266827, -0.00716023, 0.0759593, -0.00799992, 0.0210304, 4.93509, 0.0542895, -0.314557,-51.8974
4.69316, -0.0267344, -0.0069695, 0.0766741, -0.00224671, 0.0178281, 4.93586, 0.0542694, 0.246288,-54.1802
4.69387, -0.0267369, -0.00678008, 0.0741242, 0.000520868, 0.0199632, 4.93661, 0.0542448, 0.460553,-55.5092
4.69454, -0.0267313, -0.00656103, 0.0707857, 0.000628611, 0.0236179, 4.93733, 0.0542212, 0.325046,-55.7432
4.69522, -0.0267234, -0.00631355, 0.0685324, 0.000849285, 0.0256736, 4.93802, 0.0541999, 0.136216,-56.0277
4.69586, -0.0267146, -0.00605773, 0.0676528, 0.000925889, 0.0256355, 4.9387, 0.0541775, -0.0239204,-56.2316
4.69649, -0.0267049, -0.00581237, 0.0679967, 0.00102441, 0.0237645, 4.93938, 0.0541551, -0.170869,-56.4229
4.6971, -0.0266913, -0.00559478, 0.0693302, 0.00078021, 0.0202558, 4.94007, 0.0541312, -0.116659,-56.4639
4.69775, -0.0266825, -0.00540957, 0.0706176, 0.000833144, 0.0171754, 4.94077, 0.0541094, -0.401343,-56.5826
4.69839, -0.0266817, -0.00526844, 0.0723879, -0.0034587, 0.0121919, 4.94149, 0.0540897, 0.612887,-54.7564
4.69905, -0.0267205, -0.00511491, 0.0680929, -0.00474527, 0.0177339, 4.94219, 0.0540769, 0.108378,-54.0593
4.69968, -0.0267763, -0.00493614, 0.0667733, -0.00624553, 0.0181236, 4.94286, 0.0540647, 0.269948,-53.1338
4.70029, -0.0268424, -0.00474735, 0.0649317, -0.00689209, 0.0196288, 4.94352, 0.0540528, 0.0693818,-52.5167
4.7009, -0.0269119, -0.0045555, 0.0645162, -0.00699356, 0.0189542, 4.94417, 0.0540411, -0.0968361,-52.0906
4.70153, -0.0269787, -0.0043792, 0.06521, -0.00652463, 0.0165578, 4.94482, 0.0540304, -0.17929,-51.9046
4.70215, -0.0270267, -0.00422918, 0.0655084, -0.00210679, 0.0143814, 4.94547, 0.0540134, 0.195493,-53.559
4.70278, -0.0270286, -0.00407435, 0.0631006, 0.000584752, 0.0163736, 4.94611, 0.053994, 0.554265,-54.7869
4.70334, -0.0270203, -0.0038845, 0.0590625, 0.00105359, 0.0212608, 4.94672, 0.0539742, 0.444788,-55.134
4.70388, -0.027008, -0.00365304, 0.0559218, 0.00139541, 0.0248299, 4.94729, 0.0539556, 0.271285,-55.4456
4.70439, -0.0269927, -0.00339627, 0.0540122, 0.00165982, 0.0265129, 4.94784, 0.0539377, 0.118295,-55.7278
4.70489, -0.0269752, -0.00313197, 0.0532146, 0.00184992, 0.0265065, 4.94838, 0.0539204, -0.0157788,-55.973
4.70539, -0.0269559, -0.00287607, 0.0534242, 0.00201725, 0.0249856, 4.94891, 0.0539031, -0.129758,-56.1973
4.70586, -0.0269335, -0.00264209, 0.0544012, 0.0017592, 0.0222683, 4.94945, 0.0538842, -0.164231,-56.2337
4.70638, -0.0269173, -0.00243822, 0.0558051, 0.00153066, 0.0189887, 4.95, 0.053867, -0.250204,-56.2217
4.70691, -0.0269021, -0.00227325, 0.0579865, 0.00154413, 0.0145996, 4.95057, 0.0538492, -0.352438,-56.2798
4.70747, -0.0268849, -0.00215915, 0.0610454, 0.00189764, 0.00893832, 4.95117, 0.0538303, -0.441942,-56.464
4.70805, -0.0268845, -0.00209969, 0.0630084, -0.0017221, 0.00411088, 4.95179, 0.0538165, 0.38796,-54.8224
4.70862, -0.0269122, -0.00204187, 0.0601098, -0.00362699, 0.00728977, 4.9524, 0.0538054, 0.474857,-53.8078
4.70917, -0.0269544, -0.00194967, 0.0570506, -0.00469505, 0.0109436, 4.95299, 0.0537949, 0.266829,-53.0725
4.70969, -0.027004, -0.00183303, 0.0554104, -0.00517214, 0.0123974, 4.95355, 0.0537849, 0.0947963,-52.5322
4.7102, -0.0270506, -0.00170756, 0.0545168, -0.00543197, 0.0124976, 4.9541, 0.0537759, 0.168947,-52.098
4.71071, -0.0271043, -0.00158099, 0.053551, -0.00530428, 0.012928, 4.95464, 0.0537657, 0.00402963,-51.7811
4.71121, -0.0271491, -0.00145869, 0.0531497, -0.0024018, 0.0122333, 4.95517, 0.0537538, 0.157232,-52.7225
4.71169, -0.0271517, -0.00132609, 0.050809, 0.000755768, 0.0142189, 4.95569, 0.0537376, 0.625939,-54.0735
4.71214, -0.0271409, -0.00115211, 0.0461753, 0.00137543, 0.0201535, 4.95617, 0.0537225, 0.564812,-54.4355
4.71255, -0.0271245, -0.000923247, 0.0421151, 0.00187586, 0.0252784, 4.95661, 0.0537087, 0.404805,-54.7843
4.71293, -0.0271037, -0.000652447, 0.0391451, 0.00226216, 0.0287143, 4.95701, 0.053696, 0.264115,-55.1051
4.71328, -0.0270796, -0.000355536, 0.037148, 0.0025488, 0.030653, 4.9574, 0.053684, 0.142389,-55.3939
4.71362, -0.0270531, -4.64726e-05, 0.0360123, 0.00275633, 0.0312779, 4.95776, 0.0536725, 0.0362313,-55.651
4.71396, -0.0270249, 0.000262419, 0.0356491, 0.00290598, 0.0307363, 4.95812, 0.0536613, -0.0553551,-55.8788
4.71429, -0.0269954, 0.000560218, 0.0359778, 0.00298799, 0.0291631, 4.95848, 0.05365, -0.136303,-56.0666
4.71463, -0.0269653, 0.00083713, 0.0369425, 0.00306035, 0.0266523, 4.95884, 0.0536384, -0.208347,-56.2348
4.71499, -0.0269343, 0.00108419, 0.0384997, 0.00314189, 0.0232789, 4.95922, 0.0536265, -0.269827,-56.3896
4.71536, -0.0269025, 0.00129326, 0.0405991, 0.0032438, 0.0191296, 4.95961, 0.0536139, -0.325116,-56.5348
4.71575, -0.0268694, 0.00145682, 0.0432169, 0.00337575, 0.0142479, 4.96003, 0.0536006, -0.373743,-56.674
4.71617, -0.0268349, 0.00156779, 0.046329, 0.00354606, 0.00867859, 4.96048, 0.0535863, -0.417128,-56.811
4.71662, -0.0267983, 0.00161946, 0.0499223, 0.00376326, 0.00244993, 4.96097, 0.053571, -0.456229,-56.9499
4.71711, -0.0267701, 0.00161173, 0.0525866, -4.94439e-05, -0.00324204, 4.96148, 0.0535568, 0.485466,-55.2856
4.71759, -0.0267804, 0.0016052, 0.049165, -0.00195035, 0.00132624, 4.96199, 0.0535475, 0.232346,-54.2764
4.71803, -0.0268081, 0.00162757, 0.0472697, -0.00343776, 0.00314039, 4.96247, 0.0535389, 0.411179,-53.3323
4.71846, -0.0268464, 0.00167564, 0.0446547, -0.00416224, 0.00633106, 4.96293, 0.0535307, 0.245573,-52.6632
4.71884, -0.0268839, 0.00174502, 0.0442091, 0.000915989, 0.0066602, 4.96337, 0.0535211, -0.375985,-54.4977
4.71925, -0.0269417, 0.00179853, 0.045198, -0.00646391, 0.00335078, 4.96381, 0.0535135, 0.579366,-50.7652
4.71966, -0.0270004, 0.00185345, 0.0423256, -0.0053898, 0.00740594, 4.96425, 0.0535061, -0.105861,-50.7386
4.72006, -0.0270484, 0.00191325, 0.0433806, -0.00431749, 0.00497603, 4.96467, 0.0534988, -0.176902,-50.7326
4.7205, -0.0270746, 0.00194871, 0.0438439, -1.90572e-05, 0.00303122, 4.96511, 0.0534901, 0.244677,-52.2797
4.7209, -0.0270645, 0.00199369, 0.0411116, 0.00194782, 0.00586737, 4.96554, 0.0534765, 0.759613,-53.0816
4.72125, -0.0270368, 0.00209163, 0.0358073, 0.00344756, 0.013176, 4.96592, 0.0534644, 0.623223,-53.8279
4.72156, -0.0269971, 0.00225473, 0.0314227, 0.00441465, 0.0190461, 4.96625, 0.0534538, 0.497933,-54.4223
4.72184, -0.0269497, 0.00246928, 0.0278797, 0.00501448, 0.0236027, 4.96655, 0.0534444, 0.383965,-54.9062
4.72209, -0.0268979, 0.00272283, 0.0251023, 0.00533208, 0.0269686, 4.96681, 0.0534361, 0.281098,-55.2934
4.72231, -0.026844, 0.00300413, 0.0230187, 0.00544199, 0.0292605, 4.96705, 0.0534285, 0.189097,-55.5988
4.72252, -0.02679, 0.00330303, 0.0215612, 0.00538898, 0.0305891, 4.96727, 0.0534216, 0.106444,-55.8279
4.72271, -0.0267369, 0.00361043, 0.0206733, 0.00524829, 0.0310475, 4.96748, 0.0534149, 0.0325921,-56.0039
4.7229, -0.0266855, 0.00391808, 0.0203037, 0.00506311, 0.0307205, 4.96769, 0.0534085, -0.0323841,-56.1396
4.72309, -0.0266361, 0.0042186, 0.0204029, 0.00486169, 0.0296907, 4.96789, 0.0534021, -0.0888336,-56.2439
4.72329, -0.0265886, 0.00450538, 0.0209253, 0.00466649, 0.0280349, 4.9681, 0.0533956, -0.139442,-56.3249
4.72349, -0.0265429, 0.00477243, 0.0218417, 0.00450059, 0.0258029, 4.96831, 0.0533889, -0.183572,-56.3923
4.7237, -0.0264987, 0.00501428, 0.023121, 0.004375, 0.023048, 4.96853, 0.0533818, -0.221708,-56.4518
4.72392, -0.0264554, 0.00522598, 0.0247366, 0.00429694, 0.0198171, 4.96877, 0.0533743, -0.255284,-56.5082
4.72416, -0.0264127, 0.00540293, 0.0266709, 0.00427001, 0.0161423, 4.96903, 0.0533662, -0.284381,-56.5648
4.72442, -0.0263699, 0.00554086, 0.0289082, 0.00429565, 0.0120526, 4.96931, 0.0533574, -0.310028,-56.6244
4.72471, -0.0263266, 0.00563572, 0.03144, 0.00437438, 0.00756628, 4.96961, 0.0533479, -0.332726,-56.6891
4.72501, -0.0262822, 0.00568362, 0.0342616, 0.00450514, 0.00269535, 4.96994, 0.0533376, -0.352899,-56.7606
4.72532, -0.0262363, 0.00568191, 0.0371473, 0.00400741, -0.00232017, 4.9703, 0.053325, -0.260668,-56.5486
4.72568, -0.0261985, 0.00563411, 0.0396518, 0.00361191, -0.00662343, 4.97069, 0.0533137, -0.26989,-56.3143
4.72606, -0.0261626, 0.00554143, 0.0424411, 0.00360539, -0.0112649, 4.9711, 0.0533014, -0.32524,-56.2155
4.72647, -0.0261315, 0.00539994, 0.0449652, 0.00118882, -0.0158428, 4.97154, 0.0532898, 0.0297651,-55.0247
4.72689, -0.0261387, 0.00524185, 0.044092, -0.00175767, -0.0156024, 4.97198, 0.0532821, 0.680192,-53.4063
4.72728, -0.0261607, 0.00511763, 0.0399272, -0.00255563, -0.00964898, 4.9724, 0.0532749, 0.482169,-52.671
4.72767, -0.026187, 0.00504278, 0.0361635, -0.00251304, -0.00473135, 4.97278, 0.0532698, 0.686865,-52.2932
4.72799, -0.0262135, 0.00501598, 0.0331356, -0.00256595, -1.38285e-05, 4.97313, 0.0532636, -0.120117,-51.8542
4.7283, -0.0262362, 0.00500464, 0.0337875, -0.00202928, -0.00187205, 4.97347, 0.0532577, 0.155335,-51.6709
4.72862, -0.0262526, 0.00498745, 0.0331305, -0.00133111, -0.00141335, 4.9738, 0.0532517, 0.0883894,-51.6033
4.72892, -0.0262619, 0.00497045, 0.0330101, -0.000592535, -0.00175466, 4.97413, 0.0532459, 0.027172,-51.5884
4.72923, -0.026264, 0.00494592, 0.0333945, -8.99219e-06, -0.00284665, 4.97446, 0.05324, -0.0211237,-51.538
4.72955, -0.0262641, 0.00490692, 0.0342156, -5.43351e-06, -0.00458186, 4.9748, 0.0532341, -0.0607036,-51.233
4.72988, -0.0262618, 0.00484837, 0.0349369, 0.00126075, -0.00633174, 4.97515, 0.053227, 0.102242,-51.4907
4.73019, -0.0262334, 0.00479266, 0.0331536, 0.00417048, -0.00477622, 4.97549, 0.0532164, 0.803374,-52.6743
4.73047, -0.0261806, 0.00478652, 0.0277322, 0.00619747, 0.00297573, 4.97579, 0.053207, 0.74142,-53.673
4.73071, -0.0261115, 0.00485395, 0.0227772, 0.00749726, 0.0100135, 4.97604, 0.0531992, 0.642114,-54.4704
4.7309, -0.0260326, 0.00498608, 0.0184701, 0.00822161, 0.0160248, 4.97624, 0.053193, 0.54613,-55.0878
4.73105, -0.0259488, 0.00517296, 0.0147756, 0.00852328, 0.0210642, 4.97641, 0.053188, 0.455786,-55.5584
4.73117, -0.0258636, 0.00540527, 0.0116481, 0.00851683, 0.0252038, 4.97654, 0.053184, 0.372218,-55.9071
4.73127, -0.0257797, 0.00567445, 0.00903794, 0.00829684, 0.0285227, 4.97664, 0.053181, 0.295861,-56.1572
4.73134, -0.0256987, 0.00597273, 0.00689537, 0.00793961, 0.0311014, 4.97672, 0.0531786, 0.227053,-56.3293
4.7314, -0.0256218, 0.00629317, 0.00517057, 0.00750486, 0.0330205, 4.97678, 0.0531769, 0.165676,-56.4414
4.73144, -0.0255493, 0.00662957, 0.00381615, 0.0070382, 0.0343571, 4.97682, 0.0531757, 0.111505,-56.5087
4.73147, -0.0254815, 0.00697654, 0.00278758, 0.00657215, 0.035184, 4.97686, 0.0531748, 0.0641666,-56.5436
4.73149, -0.0254183, 0.00732933, 0.0020452, 0.00612612, 0.0355671, 4.97688, 0.0531742, 0.0219136,-56.5543
4.73151, -0.0253593, 0.00768376, 0.00156148, 0.00570937, 0.0355529, 4.9769, 0.0531737, -0.0148633,-56.5453
4.73152, -0.0253043, 0.00803617, 0.00130096, 0.00534533, 0.0351979, 4.97691, 0.0531734, -0.044497,-56.5289
4.73153, -0.0252525, 0.00838353, 0.00122154, 0.00504354, 0.034571, 4.97692, 0.0531731, -0.0697769,-56.5126
4.73154, -0.0252034, 0.00872335, 0.00129831, 0.0048046, 0.0337128, 4.97694, 0.0531728, -0.0902701,-56.5001
4.73156, -0.0251564, 0.00905355, 0.00150525, 0.00462547, 0.0326666, 4.97695, 0.0531725, -0.106984,-56.4937
4.73157, -0.0251108, 0.00937243, 0.00182274, 0.00449985, 0.031465, 4.97697, 0.053172, -0.12082,-56.4939
4.73159, -0.0250663, 0.00967858, 0.00223678, 0.00442123, 0.030132, 4.97699, 0.0531715, -0.132284,-56.5006
4.73162, -0.0250223, 0.00997077, 0.00273721, 0.00438106, 0.0286852, 4.97701, 0.0531708, -0.142183,-56.5127
4.73164, -0.0249786, 0.0102479, 0.00331798, 0.00437418, 0.0271354, 4.97704, 0.0531699, -0.150604,-56.5298
4.73168, -0.0249348, 0.0105091, 0.00397343, 0.00439646, 0.0254925, 4.97708, 0.0531689, -0.157647,-56.5518
4.73172, -0.0248906, 0.0107533, 0.0046988, 0.00444421, 0.0237653, 4.97712, 0.0531676, -0.163528,-56.5787
4.73177, -0.0248458, 0.0109799, 0.00549086, 0.0045139, 0.0219598, 4.97718, 0.0531661, -0.168757,-56.6102
4.73182, -0.0248002, 0.011188, 0.00634945, 0.00460245, 0.0200773, 4.97724, 0.0531643, -0.173151,-56.6459
4.73189, -0.0247536, 0.0113768, 0.00727366, 0.00470692, 0.0181203, 4.9773, 0.0531623, -0.177134,-56.6856
4.73196, -0.0247059, 0.0115457, 0.00826518, 0.00482515, 0.0160873, 4.97738, 0.0531599, -0.180592,-56.7288
4.73204, -0.024657, 0.0116938, 0.00932542, 0.00495542, 0.0139771, 4.97747, 0.0531573, -0.183927,-56.7754
4.73213, -0.0246067, 0.0118204, 0.0104583, 0.00509622, 0.0117847, 4.97757, 0.0531543, -0.18697,-56.8251
4.73224, -0.0245549, 0.0119245, 0.0116673, 0.00524656, 0.00950609, 4.97768, 0.0531509, -0.190046,-56.8778
4.73232, -0.0244975, 0.0120052, 0.0128181, 0.0041513, 0.00696146, 4.9778, 0.0531453, 0.22098,-56.4198
4.73244, -0.0244453, 0.0120847, 0.0119301, 0.00544349, 0.00861604, 4.97793, 0.0531419, -0.568466,-56.9719
4.73257, -0.0243921, 0.0121377, 0.0152718, 0.0052313, 0.00279155, 4.97807, 0.0531379, -0.152563,-56.8347
4.73271, -0.0243401, 0.0121528, 0.0164585, 0.00519072, 0.000660351, 4.97822, 0.0531333, -0.164903,-56.7681
4.73287, -0.0242877, 0.0121454, 0.0178078, 0.00529236, -0.00168557, 4.9784, 0.0531283, -0.181244,-56.7547
4.73305, -0.0242338, 0.0121131, 0.0193461, 0.00549336, -0.00428996, 4.97858, 0.0531228, -0.193826,-56.7822
4.73324, -0.0241774, 0.0120534, 0.0210592, 0.0057602, -0.00712708, 4.97879, 0.0531167, -0.202985,-56.8402
4.73348, -0.0241163, 0.0119653, 0.022913, 0.00616139, -0.0101447, 4.97901, 0.0531114, -0.204579,-56.9744
4.73371, -0.0240533, 0.0118452, 0.0249027, 0.00642867, -0.0133279, 4.97925, 0.053104, -0.208417,-57.047
4.73395, -0.0239875, 0.0116923, 0.0270461, 0.00672744, -0.0166984, 4.97951, 0.053096, -0.217159,-57.1362
4.73421, -0.0239185, 0.0115044, 0.0293787, 0.00705405, -0.0203129, 4.97979, 0.0530873, -0.225072,-57.2411
4.7345, -0.0238462, 0.011279, 0.0319061, 0.00736879, -0.0241767, 4.9801, 0.0530779, -0.232451,-57.3435
4.73481, -0.0237708, 0.0110135, 0.034638, 0.0077049, -0.0283011, 4.98043, 0.0530676, -0.240557,-57.4574
4.73515, -0.0237113, 0.0107115, 0.0359199, 0.00306941, -0.0309708, 4.98079, 0.0530596, 0.552415,-55.3124
4.73546, -0.0237049, 0.0104308, 0.032059, -0.000535951, -0.0254918, 4.98112, 0.0530537, 0.833484,-53.346
4.73573, -0.0237098, 0.0102184, 0.0268402, -0.000447158, -0.0175771, 4.98142, 0.0530486, 0.612254,-52.9552
4.73596, -0.0237121, 0.0100731, 0.0229444, -5.05432e-05, -0.0118198, 4.98166, 0.0530443, 0.497211,-52.7214
4.73613, -0.0237067, 0.00997802, 0.0208335, 0.00566889, -0.00838775, 4.98188, 0.0530388, -0.0524591,-54.8503
4.73631, -0.0237188, 0.00990334, 0.0196149, -0.00157301, -0.00772913, 4.98207, 0.0530356, 0.882918,-51.2156
4.73647, -0.0237268, 0.00986862, 0.0145155, -0.000158708, 0.000219126, 4.98224, 0.0530328, 0.249753,-51.4268
4.73659, -0.0237269, 0.0098811, 0.0129093, -4.13946e-08, 0.00229907, 4.98238, 0.0530306, 0.2189,-51.1194
4.73671, -0.0237268, 0.0099124, 0.0115386, 9.94987e-06, 0.00402197, 4.9825, 0.0530286, 0.173453,-50.7489
4.73681, -0.0237266, 0.00995828, 0.0104763, 2.11589e-05, 0.00526449, 4.98261, 0.0530268, 0.131747,-50.3788
4.7369, -0.0237263, 0.0100142, 0.00969753, 3.18e-05, 0.00606634, 4.98271, 0.0530252, 0.0965394,-50.0071
4.73699, -0.0237259, 0.010076, 0.00916348, 4.21429e-05, 0.00649104, 4.9828, 0.0530237, 0.0669527,-49.6332
4.73707, -0.0237253, 0.0101402, 0.00884133, 5.22785e-05, 0.00659262, 4.98289, 0.0530222, 0.0418104,-49.2564
4.73716, -0.0237247, 0.010204, 0.00870551, 6.23752e-05, 0.00641319, 4.98298, 0.0530207, 0.0203831,-48.8761
4.73724, -0.0237229, 0.0102646, 0.00873556, 0.00028479, 0.00599056, 4.98307, 0.0530193, -0.0089397,-48.5917
4.73732, -0.0237176, 0.0103193, 0.00897402, 0.000738904, 0.00525357, 4.98316, 0.0530178, -0.00875782,-48.4249
4.73741, -0.0237068, 0.0103663, 0.0092618, 0.00135183, 0.00446878, 4.98325, 0.0530163, -0.0220991,-48.3568
4.73749, -0.0236895, 0.0104045, 0.0096728, 0.00205378, 0.00351051, 4.98334, 0.0530146, -0.0285401,-48.3634
4.73759, -0.0236649, 0.0104325, 0.0101711, 0.00278974, 0.00243871, 4.98344, 0.0530129, -0.0301129,-48.4242
4.73768, -0.023633, 0.0104494, 0.0107325, 0.00352458, 0.00129447, 4.98355, 0.0530111, -0.030416,-48.5246
4.73779, -0.0235939, 0.0104545, 0.0113522, 0.00423246, 8.58819e-05, 4.98366, 0.0530091, -0.0312164,-48.6522
4.7379, -0.023548, 0.0104472, 0.0120355, 0.00489782, -0.00119525, 4.98377, 0.0530071, -0.0281622,-48.7978
4.73801, -0.0234957, 0.0104267, 0.0127646, 0.00551187, -0.00251792, 4.9839, 0.0530048, -0.0294966,-48.9544
4.73814, -0.0234376, 0.0103926, 0.0135665, 0.00607177, -0.00392639, 4.98403, 0.0530025, -0.0306907,-49.1169
4.73827, -0.0233741, 0.010344, 0.0144438, 0.00657662, -0.00542401, 4.98417, 0.053, -0.0325093,-49.2811
4.73841, -0.0233059, 0.0102797, 0.0154039, 0.00702933, -0.00702163, 4.98432, 0.0529973, -0.0347489,-49.4447
4.73856, -0.0232335, 0.010199, 0.0164535, 0.00743587, -0.00872857, 4.98448, 0.0529944, -0.0379022,-49.6066
4.73872, -0.0231572, 0.0101004, 0.0176022, 0.00780137, -0.0105593, 4.98465, 0.0529913, -0.0415813,-49.7659
4.73889, -0.0230774, 0.00998287, 0.018858, 0.00813079, -0.0125251, 4.98483, 0.0529881, -0.0456541,-49.9217
4.73907, -0.0229946, 0.00984485, 0.020229, 0.00843144, -0.0146371, 4.98503, 0.0529846, -0.0506379,-50.0748
4.73927, -0.0229088, 0.00968481, 0.0217263, 0.00870839, -0.0169115, 4.98524, 0.0529808, -0.0557544,-50.2249
4.73951, -0.0228143, 0.00950318, 0.0231799, 0.00974912, -0.0191474, 4.98546, 0.052978, 0.000354096,-50.7575
4.73973, -0.0227143, 0.00930017, 0.0244629, 0.0102122, -0.0210399, 4.9857, 0.0529734, 0.00648722,-51.0636
4.73997, -0.0226108, 0.00907766, 0.025848, 0.0104778, -0.0230387, 4.98595, 0.0529687, -0.0134233,-51.2952
4.74022, -0.0225054, 0.00883323, 0.0274837, 0.0106074, -0.02539, 4.98622, 0.0529638, -0.032717,-51.467
4.74047, -0.0223787, 0.00857483, 0.0273573, 0.0144198, -0.0258346, 4.9865, 0.052956, 0.786799,-53.418
4.74067, -0.0222202, 0.0083554, 0.0226074, 0.016373, -0.0186424, 4.98674, 0.0529472, 0.909596,-54.8113
4.74085, -0.0220518, 0.0082128, 0.0172947, 0.0172442, -0.0104643, 4.98694, 0.0529419, 0.822685,-55.8211
4.74099, -0.0218786, 0.00814703, 0.0125344, 0.0173913, -0.00318182, 4.98709, 0.0529382, 0.729184,-56.5606
4.74108, -0.0217068, 0.00814896, 0.00834231, 0.0170206, 0.00317323, 4.98719, 0.0529357, 0.638107,-57.079
4.74114, -0.0215406, 0.00820954, 0.0046977, 0.0162768, 0.0086367, 4.98725, 0.0529345, 0.548236,-57.4094
4.74117, -0.0213834, 0.00831995, 0.00158519, 0.01528, 0.0132339, 4.98728, 0.0529342, 0.462094,-57.5817
4.74117, -0.0212365, 0.00847195, -0.00104728, 0.0142031, 0.0170381, 4.98728, 0.0529347, 0.391625,-57.6603
4.74115, -0.0211005, 0.00865849, -0.00329559, 0.0131146, 0.0202074, 4.98726, 0.0529359, 0.329755,-57.6712
4.74111, -0.020975, 0.00887365, -0.00519206, 0.0121215, 0.022808, 4.98722, 0.0529377, 0.264055,-57.6614
4.74106, -0.0208586, 0.00911144, -0.00671915, 0.0112483, 0.0248101, 4.98716, 0.0529401, 0.208475,-57.6488
4.74099, -0.0207508, 0.0093667, -0.00797295, 0.0103948, 0.0263503, 4.98708, 0.0529428, 0.176315,-57.5924
4.74091, -0.0206512, 0.00963603, -0.00908508, 0.00960197, 0.0276488, 4.987, 0.0529458, 0.149464,-57.5128
4.74082, -0.0205596, 0.00991705, -0.00984759, 0.00848128, 0.028493, 4.9869, 0.0529489, 0.0232878,-57.236
4.74073, -0.0204934, 0.0101866, -0.00788628, 0.00503517, 0.0259393, 4.98681, 0.0529504, -0.87896,-55.7222
4.7407, -0.0204552, 0.0103857, -0.00106528, 0.00283229, 0.0152098, 4.98677, 0.052951, -0.845754,-54.5128
4.74072, -0.0204337, 0.0104795, 0.00554408, 0.00161233, 0.00483781, 4.9868, 0.0529506, -0.762265,-53.5984
4.7408, -0.02042, 0.0104736, 0.0117409, 0.00116446, -0.00480421, 4.98689, 0.0529491, -0.696062,-52.9448
4.74094, -0.0204039, 0.0103769, 0.0167096, 0.0026906, -0.0128662, 4.98704, 0.0529458, -0.239396,-53.1651
4.7411, -0.020361, 0.0102332, 0.0179366, 0.00561699, -0.0153678, 4.98721, 0.0529406, 0.394686,-54.2026
4.74126, -0.0202931, 0.0100958, 0.0158174, 0.00775719, -0.0121974, 4.98738, 0.0529357, 0.397176,-55.0818
4.7414, -0.0202074, 0.00998968, 0.0137538, 0.00923715, -0.00909488, 4.98752, 0.0529315, 0.376553,-55.7913
4.74151, -0.0201098, 0.0099131, 0.011863, 0.0101923, -0.00625866, 4.98765, 0.052928, 0.349495,-56.352
4.74162, -0.0200049, 0.00986315, 0.0101725, 0.0107394, -0.00373632, 4.98776, 0.052925, 0.318733,-56.7849
4.7417, -0.0198962, 0.00983656, 0.00869587, 0.0109797, -0.00155175, 4.98785, 0.0529226, 0.286368,-57.1112
4.74178, -0.0197864, 0.00982992, 0.0074361, 0.0109966, 0.000288944, 4.98793, 0.0529206, 0.253911,-57.3499
4.74184, -0.0196772, 0.00983982, 0.00638896, 0.010858, 0.001792, 4.988, 0.0529189, 0.222453,-57.5181
4.7419, -0.01957, 0.00986297, 0.00554501, 0.0106193, 0.00297245, 4.98806, 0.0529175, 0.192644,-57.6312
4.74195, -0.0194654, 0.00989625, 0.0048918, 0.0103221, 0.00385039, 4.98811, 0.0529163, 0.165622,-57.7019
4.74199, -0.019364, 0.0099368, 0.00441174, 0.0100009, 0.00445482, 4.98816, 0.0529153, 0.140909,-57.742
4.74203, -0.0192658, 0.00998203, 0.00409038, 0.00967863, 0.00480952, 4.9882, 0.0529144, 0.119335,-57.7603
4.74207, -0.0191707, 0.0100296, 0.00390957, 0.00937276, 0.00494476, 4.98824, 0.0529135, 0.100253,-57.7644
4.7421, -0.0190786, 0.0100774, 0.00385523, 0.00909268, 0.00488409, 4.98828, 0.0529127, 0.083603,-57.7594
4.74214, -0.018989, 0.0101237, 0.00391391, 0.00884641, 0.00464998, 4.98832, 0.0529119, 0.0697703,-57.7501
4.74218, -0.0189017, 0.0101668, 0.00407072, 0.00863648, 0.00426761, 4.98836, 0.052911, 0.0577816,-57.7397
4.74222, -0.0188163, 0.0102054, 0.0043164, 0.00846442, 0.00375278, 4.9884, 0.0529101, 0.047927,-57.7307
4.74226, -0.0187325, 0.0102382, 0.00464044, 0.00832829, 0.00312346, 4.98845, 0.0529091, 0.0391559,-57.7244
4.7423, -0.0186498, 0.0102641, 0.00503842, 0.00822672, 0.00238756, 4.98849, 0.0529079, 0.032898,-57.7222
4.74235, -0.0185679, 0.0102821, 0.00549859, 0.00815728, 0.00156549, 4.98855, 0.0529067, 0.027073,-57.7247
4.74241, -0.0184866, 0.0102915, 0.0060206, 0.00811657, 0.000658515, 4.98861, 0.0529052, 0.0216755,-57.7322
4.74247, -0.0184055, 0.0102914, 0.0066044, 0.00810179, -0.000332527, 4.98867, 0.0529036, 0.0186233,-57.745
4.74253, -0.0183245, 0.010281, 0.00724019, 0.0081106, -0.00139001, 4.98874, 0.0529018, 0.0141548,-57.7632
4.74256, -0.0182636, 0.0102699, 0.00586134, 0.00242646, -0.000695252, 4.98881, 0.0528989, 1.35678,-55.2141
4.74257, -0.0182547, 0.0103396, -0.00220022, 0.00108337, 0.0123399, 4.98882, 0.0528989, 0.132014,-54.2969
4.74255, -0.018229, 0.0104613, -0.0021001, 0.00378574, 0.0122866, 4.9888, 0.0528998, -0.299033,-55.188
4.74254, -0.0181912, 0.0105656, -0.000796557, 0.00296199, 0.0094749, 4.98878, 0.0529005, 0.314151,-54.6114
4.74253, -0.0181494, 0.0106685, -0.00178882, 0.00517773, 0.0112029, 4.98877, 0.0529012, -0.211344,-55.3951
4.74251, -0.0181043, 0.0107688, -0.00113499, 0.00377885, 0.00938359, 4.98876, 0.0529019, 0.407449,-54.6183
4.7425, -0.0180534, 0.0108752, -0.0025658, 0.00619306, 0.0119058, 4.98874, 0.0529028, -0.246504,-55.5493
4.74248, -0.0179949, 0.0109793, -0.00159835, 0.00503131, 0.00964816, 4.98872, 0.0529037, 0.353667,-54.9565
4.74246, -0.017933, 0.0110859, -0.00275689, 0.00718435, 0.0117084, 4.9887, 0.0529047, -0.226241,-55.8403
4.74244, -0.0178665, 0.0111895, -0.00190609, 0.00582781, 0.00965244, 4.98867, 0.0529058, 0.362144,-55.2126
4.74241, -0.0177974, 0.0112966, -0.00311484, 0.00780735, 0.0118048, 4.98865, 0.0529069, -0.222094,-56.065
4.74239, -0.0177236, 0.0114005, -0.00218061, 0.00656181, 0.00968708, 4.98862, 0.0529081, 0.311349,-55.5294
4.74236, -0.0176486, 0.0115056, -0.00313601, 0.00828076, 0.0114081, 4.9886, 0.0529093, -0.206633,-56.3014
4.74234, -0.0175718, 0.0116069, -0.00230583, 0.0068606, 0.00946295, 4.98857, 0.0529105, 0.320784,-55.7078
4.74231, -0.0174944, 0.0117103, -0.00332358, 0.00847609, 0.0112927, 4.98854, 0.0529118, -0.204395,-56.4494
